{"type":"FeatureCollection","generated":"{\"source\": \"public/maps/myanmar-states.geojson\", \"tolerance\": 0.01}","features":[{"type":"Feature","geometry":{"type":"MultiPolygon","coordinates":[[[[95.20797904469725,15.6904047303941],[95.24740456956525,15.687354065437805],[95.20530575955324,15.694239548416519],[95.20797904469725,15.6904047303941]]],[[[95.37658076549003,15.704421400127519],[95.31808974004953,15.674553128923815],[95.27305398255533,15.680231844024458],[95.27574263711308,15.696144875485704],[95.33963611851209,15.687774337515656],[95.3762793370219,15.704536030413493],[95.37658076549003,15.704421400127519]]],[[[95.04461601421775,15.7478912670684],[95.06416311523566,15.744003058994046],[95.05863930476013,15.71310209988209],[95.02464143035783,15.72301798519192],[95.04232509832467,15.74896016258148],[95.04461601421775,15.7478912670684]]],[[[95.06141594808757,15.815830938646943],[95.06393555618104,15.834867164488106],[95.0623399871008,15.816103833425274],[95.06141594808757,15.815830938646943]]],[[[95.0029116774321,15.843814287499377],[95.02512653006544,15.84888762396471],[95.04140378155931,15.833694181441412],[95.02993610256917,15.801813897493474],[94.99256952876077,15.77642434630658],[94.98179512454546,15.841854730411495],[94.99982753071603,15.84482751317918],[95.0029116774321,15.843814287499377]]],[[[94.2757162215265,15.859239859432058],[94.27520399556805,15.858644443486355],[94.27281218203663,15.860704378404375],[94.27210370242396,15.863302512600871],[94.27641706859292,15.869752840621207],[94.27957182378076,15.867036777425344],[94.28034141952097,15.864678085025638],[94.2786713991658,15.861442818031687],[94.2757162215265,15.859239859432058]]],[[[94.84371505310726,15.88554526849942],[94.82992271656018,15.90879839293152],[94.84442084554561,15.894435349311994],[94.84371505310726,15.88554526849942]]],[[[94.5140465866807,15.921286211589422],[94.5093565970294,15.9305161893707],[94.51438007957702,15.921452958487311],[94.5140465866807,15.921286211589422]]],[[[94.8268171875632,15.851432812374519],[94.81175587163622,15.793062266410537],[94.76334426602516,15.793594265762753],[94.73109323926167,15.819759941767927],[94.81274881670461,15.939422991278093],[94.84489920753244,15.868943922923759],[94.82992828875959,15.85382171120305],[94.8268171875632,15.851432812374519]]],[[[95.31243448106655,15.926942673865327],[95.3308674191962,15.957823463881823],[95.33337667969008,15.937123922131388],[95.31835336101885,15.929396635046697],[95.31243448106655,15.926942673865327]]],[[[95.24155567935114,15.914718450096451],[95.26651048656974,15.986839895444835],[95.2676995845682,15.952200416815895],[95.24272468919304,15.915323701028047],[95.24155567935114,15.914718450096451]]],[[[95.10967092057662,15.94074386423799],[95.10059671256833,15.961049641427824],[95.1167885635414,15.992843460957026],[95.11017384035053,15.941325668045167],[95.10967092057662,15.94074386423799]]],[[[95.34234631363152,15.957750522568656],[95.34931817289548,16.000146084574126],[95.34339680182103,15.95884554338712],[95.34234631363152,15.957750522568656]]],[[[94.84614804479652,16.000601875376294],[94.84312278658743,15.999091668146],[94.83937008566097,15.999281118428929],[94.83975105196951,16.000602422164064],[94.84161107299268,16.00260989243266],[94.84461819457411,16.005157685279045],[94.84782192953854,16.008589569253292],[94.85158280620162,16.011581323219545],[94.85353263802091,16.01098806744544],[94.85341842142304,16.008246928453026],[94.85227628152526,16.00573421546166],[94.84912895653619,16.002408059384518],[94.84614804479652,16.000601875376294]]],[[[94.32824389194211,16.02110195199352],[94.34814588702312,16.014864132873438],[94.32381931111239,15.978181131054367],[94.27605035384084,15.990333394670472],[94.3275162675618,16.020624021681304],[94.32824389194211,16.02110195199352]]],[[[94.69987520707515,16.013874792287893],[94.68602618715887,16.012357430051413],[94.71074667242107,16.049121838502142],[94.70454608253578,16.01653725049371],[94.69987520707515,16.013874792287893]]],[[[94.84148753941847,16.070570757434574],[94.85499731077732,16.020641058438198],[94.81019752009952,15.980256039684523],[94.7993669864973,15.993378959571366],[94.83920823557165,16.07220692460992],[94.84148753941847,16.070570757434574]]],[[[94.45501701752143,16.044333771486382],[94.47148427058266,16.079885266092194],[94.45704815344958,16.046506757480902],[94.45501701752143,16.044333771486382]]],[[[95.34376945479653,16.068665688470748],[95.33206874797443,16.084093759619375],[95.3438109728982,16.06867070129184],[95.34376945479653,16.068665688470748]]],[[[95.25442131758982,15.854078682585179],[95.23053887277081,15.871109762005972],[95.27366762326228,15.956594782223451],[95.27160290485023,16.031147095062423],[95.3234984103234,16.086616255435867],[95.34420648304284,16.042849340624596],[95.3384513597425,15.977948640117642],[95.2584282586573,15.857321741305416],[95.25442131758982,15.854078682585179]]],[[[95.34818246854616,16.068733559406287],[95.33113230820949,16.093572386456486],[95.34819902956166,16.068988465945008],[95.34818246854616,16.068733559406287]]],[[[94.61386595854722,16.0478482806737],[94.64643023266918,16.10026850548721],[94.61892968755515,16.052820311208457],[94.61386595854722,16.0478482806737]]],[[[95.10970061798915,16.0911469850454],[95.12326726067565,16.10225110140727],[95.11214574513008,16.092604625103476],[95.10970061798915,16.0911469850454]]],[[[95.18034418853357,16.112094189295497],[95.2090735205266,16.11487777359047],[95.17655753100532,16.08601961191559],[95.18043979366165,16.028223610431333],[95.11959171708412,16.03890833605089],[95.10090610813047,15.980141602752859],[95.09232135164915,16.065511934228457],[95.17675072066932,16.11333405402345],[95.18034418853357,16.112094189295497]]],[[[95.32832659969287,16.120019254385095],[95.32740314254106,16.118971182673988],[95.32733517357948,16.119864988278717],[95.32761338245169,16.12063969036946],[95.32807367256198,16.12192141044478],[95.3311811297055,16.126017607426743],[95.33015357242952,16.123099012409522],[95.32912674000714,16.121368062985816],[95.32832659969287,16.120019254385095]]],[[[95.33415316153929,16.12659713864709],[95.33094691746638,16.122967380440286],[95.33104634471309,16.124499904347175],[95.33210767602854,16.12639095108158],[95.33246888782892,16.126837359256804],[95.33446340516208,16.129302311052903],[95.33517544069413,16.12976607434494],[95.33559299951737,16.130038040123548],[95.33630179659067,16.130088473204548],[95.3362115559186,16.129499328231475],[95.33415316153929,16.12659713864709]]],[[[95.33293894277801,16.120182659402257],[95.34326937148435,16.134120898360823],[95.33480778255321,16.12192711394521],[95.33293894277801,16.120182659402257]]],[[[94.66194587350334,16.122172187296687],[94.66365734361165,16.136155662154103],[94.662447005425,16.122965900156213],[94.66194587350334,16.122172187296687]]],[[[95.34310660858314,16.135870959277362],[95.3371761165845,16.132125147157858],[95.33702844071004,16.132362278596343],[95.3391577880016,16.134966368103484],[95.34042021851835,16.1355797174301],[95.34459695068878,16.139159748523632],[95.3450056898608,16.13935647342249],[95.34688114864615,16.140259122960273],[95.34660691657602,16.139316682019253],[95.34342681399626,16.13607320691298],[95.34310660858314,16.135870959277362]]],[[[94.54111152088011,16.1579230562041],[94.51798901488122,16.139234390454845],[94.54114451790531,16.158508485178555],[94.54111152088011,16.1579230562041]]],[[[94.8686778885737,16.160555411403163],[94.87898529553507,16.184693840148675],[94.87091816094443,16.163582808200058],[94.8686778885737,16.160555411403163]]],[[[95.32650919664215,16.189530239429114],[95.3254711478752,16.189138581080694],[95.32563230098997,16.190321745352318],[95.32884206410998,16.194407930181928],[95.32989553984737,16.195034341261824],[95.33338862268688,16.197111378587245],[95.33806267455287,16.200311286037014],[95.33858283073315,16.20066739148703],[95.3420438887146,16.20235448906849],[95.34453529496798,16.202598000297538],[95.34367358256983,16.201604030002045],[95.34126037686498,16.20053097602375],[95.33809593687803,16.198404211585146],[95.32650919664215,16.189530239429114]]],[[[94.91728029794743,16.20582492697887],[94.91471759973751,16.20575367908906],[94.91322812997434,16.206061530515278],[94.91145660044177,16.207569121617723],[94.91046866819455,16.208409865422965],[94.91263064918523,16.209208002047756],[94.91539323610898,16.208896498474687],[94.9178953110198,16.207111537567517],[94.9185634434482,16.206198444202865],[94.91816381890516,16.205849490161913],[94.91728029794743,16.20582492697887]]],[[[95.32426636210299,16.119808798637244],[95.30452864887809,16.156554671161135],[95.36423273115562,16.210632171137792],[95.36191123561511,16.164089010499513],[95.32493163918389,16.120938980249807],[95.32426636210299,16.119808798637244]]],[[[94.93152656010271,16.209703586051724],[94.91498368754716,16.209920582568923],[94.93254789856674,16.21006885199597],[94.93152656010271,16.209703586051724]]],[[[95.8665110834198,16.21506301124905],[95.8913091765773,16.245455227476832],[95.86926090896387,16.21557241513488],[95.8665110834198,16.21506301124905]]],[[[94.65821684992773,16.168402093381914],[94.63317042607432,16.094411735413313],[94.57408689489431,16.005250262389733],[94.4813549289868,15.97288277791787],[94.46959197019329,15.925637684731416],[94.44582344969253,15.924705032011651],[94.43365092884737,15.881816366332288],[94.39479910219684,15.834686883692747],[94.41196250336692,15.863355986289726],[94.3845551756809,16.004338401995696],[94.45926455871246,16.031007456428966],[94.57153403796553,16.194093480429824],[94.64463233141703,16.253676206391873],[94.66650879524477,16.208845316258355],[94.65849096418667,16.174752398804223],[94.65821684992773,16.168402093381914]]],[[[94.98864504473306,16.24560205169335],[95.0013134751368,16.25907679535786],[94.9909327725295,16.247067210083785],[94.98864504473306,16.24560205169335]]],[[[95.0261580281705,16.275091942139483],[95.02287314108266,16.27136730545676],[95.02235868120822,16.271529553046523],[95.02227632309393,16.272575323392488],[95.02281114092146,16.27701526644144],[95.02305152161051,16.277921737198472],[95.02374303821067,16.2805294374836],[95.0238081895963,16.28077512597129],[95.02440275658198,16.281972619141158],[95.02661410945365,16.284666110252818],[95.02702575163718,16.284849989235703],[95.02744019251098,16.284052782509914],[95.02774062363096,16.282032737021254],[95.0277320180183,16.279051443969003],[95.02740917669217,16.27751961343947],[95.0261580281705,16.275091942139483]]],[[[94.65627461018518,16.2756929194927],[94.66358614608386,16.287804125460056],[94.6570983837834,16.277650229174853],[94.65627461018518,16.2756929194927]]],[[[94.5480316052745,16.206801633888354],[94.52857346968993,16.202490213852347],[94.50982536594793,16.23437419581258],[94.51635298440276,16.290653458290535],[94.55872061616354,16.252164331818516],[94.54992069418469,16.209579306040197],[94.5480316052745,16.206801633888354]]],[[[94.51097241344615,16.2753703371714],[94.48767663057212,16.28812283440134],[94.51156810368506,16.28334188102299],[94.51097241344615,16.2753703371714]]],[[[95.1231491688991,16.299805574567635],[95.14263408989135,16.295579903989474],[95.13028729842017,16.26539703374615],[95.14862262413487,16.241269643279463],[95.1163134337181,16.214011566180883],[95.13595341581758,16.166890956252708],[95.12046765855555,16.12994900814025],[95.0519182691129,16.04603333906754],[95.06799558602775,15.970648501327553],[95.04964859250865,15.849101405405616],[95.04153591445096,15.838588461088662],[94.98245434559166,15.852259762378193],[94.98519634883247,15.76523781517308],[94.96659972509732,15.747150480210589],[94.86447120358322,15.756788829341048],[94.8337500576191,15.791217750598804],[94.84103164429503,15.808374655066334],[94.88852651698524,15.825992798428942],[94.8690592775637,15.892534163620805],[94.95057261643328,15.946236781202735],[94.94375147455102,15.954069428361514],[94.94266197736842,15.940338288880959],[94.86377323254865,15.900101765284255],[94.87381582603959,15.826406464087114],[94.83650760204426,15.847449742012007],[94.849098643088,15.892748645633578],[94.82305267494102,15.949797324886624],[94.91791465903437,16.03073534046365],[94.89930918057426,16.08293747068784],[94.93223330042657,16.09164169940492],[94.95757512908905,16.147370646937972],[95.01854439650688,16.14008670044099],[95.01549551310754,16.16712285903271],[95.0443156442517,16.183434280267836],[95.05224699020646,16.217669676414456],[95.12116182455864,16.30096966781601],[95.1231491688991,16.299805574567635]]],[[[95.12640466973974,16.302585822377832],[95.12448691943585,16.302554773284225],[95.12139584883948,16.303645788522378],[95.11963691970816,16.3062696873962],[95.11905727697186,16.308279438345416],[95.1191691184601,16.309059392477007],[95.1196849857735,16.30908739826483],[95.12099999065707,16.308096437100946],[95.12289739110183,16.30764810527586],[95.12409051356639,16.30684055634662],[95.12733406511508,16.305316948318524],[95.12988087050583,16.30412062516678],[95.12987762305393,16.303630324679816],[95.12945650921057,16.303278625907932],[95.12880423093056,16.303130552533037],[95.12640466973974,16.302585822377832]]],[[[95.1344764034633,16.30653956944562],[95.12110369507954,16.315261401492517],[95.13385131798401,16.30793934712321],[95.1344764034633,16.30653956944562]]],[[[94.67688970559547,16.303605346010016],[94.68101620163644,16.31938666726088],[94.67819061810262,16.305475977234604],[94.67688970559547,16.303605346010016]]],[[[95.11578585453367,16.30824287101172],[95.1132415465602,16.319937328444997],[95.1155240735772,16.30980436747763],[95.11578585453367,16.30824287101172]]],[[[95.95480669996931,16.2957914074476],[95.95092257751497,16.36213009422852],[95.96698459516307,16.31927310267159],[95.95485265082922,16.2958993584687],[95.95480669996931,16.2957914074476]]],[[[96.04474025176127,16.37084869321271],[96.05613084356366,16.361511309399454],[96.04154646689598,16.371395838946853],[96.04474025176127,16.37084869321271]]],[[[94.66183616700559,16.334763833184404],[94.60793167680549,16.246568323769125],[94.57438190580032,16.231872307960757],[94.56807655388995,16.25417341726941],[94.60746458242463,16.284702084933297],[94.60707320646338,16.329677084230084],[94.6469749295494,16.336150071568575],[94.67858078987165,16.384679585494574],[94.66365175252645,16.33734824642444],[94.66183616700559,16.334763833184404]]],[[[95.8820388282294,16.194372624596983],[95.84576018228667,16.191156202896448],[95.89279017292819,16.234181823632262],[95.9060961084487,16.334977190145214],[95.93212686006656,16.38738657722881],[95.95197678799842,16.333443489025864],[95.94315392341495,16.256453466654172],[95.88469474656532,16.19492453134209],[95.8820388282294,16.194372624596983]]],[[[96.0054987695526,16.23917814305694],[95.91756196091582,16.21301168644019],[95.95239575066341,16.255104249761384],[95.96494481405203,16.350027204292047],[95.99030787121141,16.389649086236332],[96.07974520767527,16.33054595343307],[96.0070225574451,16.23941841582724],[96.0054987695526,16.23917814305694]]],[[[94.22496901810578,16.39401930394778],[94.22511710407115,16.380847920495153],[94.22390547715608,16.39152736259771],[94.22496901810578,16.39401930394778]]],[[[94.6484355382696,16.34467160481073],[94.61569039789357,16.343225609174524],[94.64313677684085,16.39821378513807],[94.67013429606095,16.384693673374414],[94.64960098140021,16.349399017950347],[94.6484355382696,16.34467160481073]]],[[[94.69373235996053,16.3726642850288],[94.69640125911084,16.399140907027284],[94.69517536984749,16.37268507015993],[94.69373235996053,16.3726642850288]]],[[[96.0104422610016,16.38715285332156],[95.98895169176721,16.40109178116081],[96.00555798361408,16.39130798467575],[96.0104422610016,16.38715285332156]]],[[[95.97440028964174,16.407870987656],[95.9921101575578,16.391390265448432],[95.96078396031155,16.348633970981016],[95.92749309243234,16.4016331874217],[95.96700613392602,16.40943113064218],[95.97440028964174,16.407870987656]]],[[[94.69547740985463,16.400203284254186],[94.69767381869184,16.415423922276226],[94.69557075408716,16.400255647280368],[94.69547740985463,16.400203284254186]]],[[[94.69419718445259,16.41819252206725],[94.69431830874301,16.43036599619386],[94.69546767289486,16.419948386309077],[94.69419718445259,16.41819252206725]]],[[[94.68448103856909,16.463772314540734],[94.68414916984841,16.463145862091885],[94.6835842175377,16.46329456409291],[94.68228887003536,16.46469960640181],[94.68209826772099,16.46520331398181],[94.68105054854406,16.467972157489083],[94.68079615911552,16.470528739409826],[94.68110136203828,16.472002837061325],[94.68174149767202,16.472464268411343],[94.68248133394648,16.472383472419402],[94.68281214146724,16.472347348451407],[94.68340738474306,16.47091315641712],[94.68448109972302,16.466192998108372],[94.68448103856909,16.463772314540734]]],[[[94.74273940400039,16.627315242704363],[94.76844469096977,16.608527027400463],[94.76494157169627,16.587225094562527],[94.73682521491179,16.57642478177833],[94.72483534457557,16.514289654843747],[94.68688689501427,16.495002792444943],[94.67278430675042,16.526369500552004],[94.69789746299757,16.559352537689506],[94.69978801060822,16.617411989271943],[94.73800905187633,16.628592419404672],[94.74273940400039,16.627315242704363]]],[[[94.42780358186982,16.94923199106356],[94.42611845919963,16.948340510206425],[94.42492979557369,16.948423781132668],[94.42435408647196,16.949607726915147],[94.42436893877553,16.950213981490045],[94.42542492991664,16.951306330422863],[94.42585067077192,16.952428136649264],[94.42737965764512,16.9533718042654],[94.42791858267648,16.954270698234172],[94.42812756803288,16.954619275459212],[94.42815912704215,16.95614361643479],[94.42874328887173,16.956384939613297],[94.43047149896054,16.954807337188868],[94.43303216560203,16.953048415252233],[94.43048368657297,16.95193640354223],[94.4283516341207,16.949521927095276],[94.42780358186982,16.94923199106356]]],[[[94.50233685696044,17.317507019233588],[94.50339492283749,17.31510712799159],[94.50341352711267,17.314476300341028],[94.50287173144532,17.3141542755994],[94.5019969285155,17.315102097184084],[94.50118992187744,17.31513722290455],[94.50010163068579,17.314118126450392],[94.4994176144314,17.31386519931951],[94.49888095119506,17.314283253669224],[94.49928269454077,17.31643375841124],[94.49986833755378,17.31757763130267],[94.49963716142594,17.318376826429457],[94.49938365513158,17.319253229253103],[94.50017823853493,17.319875194085007],[94.50023005117603,17.319897444211726],[94.50061927955613,17.32006459310654],[94.50201362352993,17.320423495447987],[94.50247876458334,17.319720834449],[94.5023697496643,17.318020163399858],[94.50233685696044,17.317507019233588]]],[[[95.12636750255824,18.505117378963906],[95.18752058420763,18.479638446856924],[95.18898642698208,18.424556869104233],[95.25842210639513,18.379730918047507],[95.26153816375528,18.332990417373892],[95.32463568488903,18.295644641287176],[95.35744974660852,18.244372356099422],[95.41838883727503,18.219762380429557],[95.3964167314471,18.162336517416374],[95.46172446781001,18.020606369388478],[95.4574293632746,17.91161496755674],[95.48459819435124,17.88400075173334],[95.47461857139007,17.830360036286738],[95.49102581359048,17.789342044100106],[95.43165048658076,17.73972857371476],[95.43204143986055,17.720586727895235],[95.50352840900892,17.649098860324205],[95.54858996085802,17.640926576100643],[95.58215543312677,17.60781086018309],[95.61679640732844,17.62653439084952],[95.63684258082044,17.621812500446573],[95.63833427730509,17.60510073341218],[95.6547945120572,17.611497807178086],[95.67799167077901,17.586748091251522],[95.67721340287635,17.55060374826439],[95.71690541665173,17.52004416370719],[95.73613799777044,17.47799233787609],[95.6898636867598,17.442057102553296],[95.68517676559537,17.401429401745524],[95.619941430053,17.380723945154028],[95.6179887428862,17.34829996437187],[95.64339009587627,17.344438846575535],[95.66158849801084,17.362600086924548],[95.69743980140582,17.331926962958985],[95.70644819432873,17.263803787414908],[95.68957424625445,17.23069358703951],[95.70975995495802,17.20242210529593],[95.73647619861768,17.207314985598185],[95.78156888769408,17.172890133772686],[95.77630742384858,17.14943104120968],[95.80828737965892,17.112049708627172],[95.79685454580073,17.104195094627958],[95.80471851095055,17.079958789966184],[95.8360799607217,17.102916133672682],[95.82147900864942,17.02322508117254],[95.86613930098802,17.001425754894747],[95.86075345011172,16.969771784440354],[95.88682633137016,16.954299965770833],[95.85296509186557,16.953672533061045],[95.83806247030682,16.92514167155091],[95.84867292091855,16.889467191957394],[95.83725149675922,16.870096321188285],[95.87356997637333,16.806011419091757],[95.88025979475384,16.746574943578793],[95.8652113112531,16.71630475366149],[95.83837099172794,16.709190164794382],[95.82140543421346,16.659411840584045],[95.83635684309394,16.643686383419872],[95.82268320536572,16.615375156138587],[95.84359010110231,16.563806524551502],[95.87430168997105,16.56936578360407],[95.88274167089142,16.543191823044253],[95.8276345110239,16.500290030860295],[95.8189612009987,16.46106315094372],[95.85940604895005,16.460656049437258],[95.86388150892468,16.42918285620388],[95.92993933743055,16.38323153580677],[95.90503835463643,16.338104503420134],[95.88763252681976,16.242868455315026],[95.76390220522265,16.125161104801208],[95.7393482708061,16.137348247723512],[95.72421156021538,16.267604673317035],[95.71143246463659,16.276985803751906],[95.74090256010507,16.11166021604616],[95.7076396827252,16.068342085418927],[95.68893820883136,15.98268934163983],[95.48273141402358,15.757143585807917],[95.39722148888069,15.714492910419583],[95.32935846562077,15.70629088741454],[95.28258732684372,15.72309631614209],[95.27053864804026,15.830871606139748],[95.29973822743732,15.85457875600483],[95.30357757084825,15.893922429076909],[95.35344297011704,15.958174444994707],[95.35553354673588,16.061262856096],[95.32880377457461,16.105331216462545],[95.36620074816614,16.164632585925162],[95.39211144838478,16.297434154962417],[95.38466728856457,16.239732710895968],[95.3202125546657,16.193379524845216],[95.30158197342938,16.161986257959512],[95.3223578937019,16.092152971182724],[95.26329476274314,16.02716840529775],[95.26544672438686,15.99148234063755],[95.21305638674289,15.860799866620553],[95.22443059199824,15.799742410783665],[95.18890795663694,15.774626819172418],[95.14520753140253,15.7815575299561],[95.11119054011144,15.81023645404914],[95.12746347755753,15.975270885343104],[95.1145596954736,16.027342164209543],[95.1288875054541,16.03870568911628],[95.18422096532534,16.0286540349558],[95.18257257996069,16.08717741620483],[95.26733514330225,16.156789855567396],[95.27771873722995,16.184240816560433],[95.19544761161804,16.116915416113628],[95.17509861301065,16.123062515222916],[95.20226245824593,16.176657267219227],[95.1835672049626,16.165552772242705],[95.1716640382648,16.12608610159237],[95.13065252659285,16.12264954384138],[95.14167436577944,16.170573072089653],[95.12350638411235,16.21702282014706],[95.15159204523677,16.24391913056352],[95.135780590402,16.267702893673594],[95.14558489502697,16.296415107071635],[95.12047227927235,16.32532380974608],[95.1085975635268,16.31615105402798],[95.11584689871547,16.297661647467162],[95.04782747615724,16.217922524405],[95.04345109449244,16.189215570242407],[95.00714686553552,16.16510227664881],[95.01338980449597,16.142860291469304],[94.95136003673638,16.14913996323873],[94.92517870353441,16.095567533315055],[94.89618072156313,16.086217233438646],[94.91248169717264,16.036037143399437],[94.88861731253898,16.011365591149204],[94.85500597214796,16.118224825415414],[94.88131504775129,16.188181888583383],[94.96842826085559,16.21332173940678],[95.02339589450497,16.268354104458446],[95.04804135202679,16.33304405244108],[95.00519719829214,16.264219468653604],[94.9571814616552,16.223318539419104],[94.86649421233804,16.19059611142147],[94.83562861816623,16.11559136494963],[94.84672280151617,16.075378746232246],[94.79650892754503,15.993631181633802],[94.80616000657912,15.970812086208838],[94.70837606940016,15.84851686226337],[94.68081844791308,15.844430398644057],[94.64656662205198,15.862816277049582],[94.63161586158279,15.87762371885962],[94.6388352844209,15.906681172098466],[94.6260397159602,15.892147415570864],[94.60436697825351,15.927945349598257],[94.67144053525253,15.960654009874705],[94.71817421726637,16.009575782896043],[94.7325363705571,16.07279696171052],[94.76433706989991,16.10391294602563],[94.7874111267222,16.096078028078583],[94.75624465716524,16.12900586303024],[94.78210315713505,16.145140032386593],[94.8037179353346,16.210698731761116],[94.8321806300321,16.215569370030444],[94.84334021927573,16.243662744640005],[94.87205309907128,16.253193605000934],[94.87962746093868,16.283622538749206],[94.91790410908742,16.29959589043802],[94.9430239023313,16.33395642634808],[94.87585959474453,16.28489040566777],[94.86520554769798,16.251669452882997],[94.83675490931164,16.24637009070716],[94.83052168213003,16.22247832081792],[94.79959786135227,16.214652137985816],[94.77582865197073,16.153860195291777],[94.74948158810481,16.136954741268358],[94.7497234868495,16.09544317955914],[94.72063264897764,16.07936735102252],[94.68914995350758,16.028474975439785],[94.68693408064335,15.997065375966354],[94.57886953450151,15.936868889687602],[94.55329557193316,15.948142063305578],[94.55324562808339,15.965375389462707],[94.58852263970815,15.990850185587643],[94.65540171201944,16.08951495475138],[94.67372726480144,16.133811870621425],[94.67676829262264,16.208552790179173],[94.71727839178439,16.209647444973626],[94.72510722401924,16.229892681602006],[94.75638673296143,16.23594187871474],[94.7338268716129,16.261454552485674],[94.74808870732805,16.279442491677706],[94.73048548371817,16.2578778623735],[94.75219555048436,16.234887848995058],[94.72359684771646,16.23340315463196],[94.71861482211648,16.21352867251032],[94.67216102621045,16.21891090721269],[94.65551175306504,16.249955512337063],[94.6888142950438,16.35093529203012],[94.70058146266446,16.36466447728385],[94.72829643043598,16.36057567812504],[94.70956676999054,16.388933228585664],[94.7235183845659,16.406613219224727],[94.74192917059477,16.403319320929985],[94.74089875167614,16.428453686788277],[94.76322753042628,16.41276191193278],[94.74123132456607,16.429446322489913],[94.74108768754682,16.404114791964094],[94.72502856571582,16.409487265425046],[94.7094915066278,16.39398696612567],[94.69130120558627,16.48524282439688],[94.7296545101476,16.510595489889987],[94.7413327024423,16.574263576902556],[94.78465278639699,16.582949329947713],[94.76851302325751,16.587092931993283],[94.75578486078277,16.628884782706596],[94.71854900523245,16.653972332557107],[94.71469736898847,16.696393990190547],[94.73947463564596,16.704461486308627],[94.71166097717244,16.698406303308285],[94.71183553738015,16.65079399714527],[94.73148473123544,16.633140606653715],[94.67120843012505,16.6457956632393],[94.68018295188173,16.673250888817467],[94.67027142018999,16.644311513865325],[94.6407777202157,16.628813004216777],[94.68989656077771,16.64745096618921],[94.69943829034489,16.633759619011265],[94.68814090967535,16.554859090374737],[94.65745591735673,16.53052689190256],[94.68080106311868,16.446364777112773],[94.67690005589299,16.39242371957906],[94.6368169143691,16.395933086442835],[94.60287550210283,16.335767942436593],[94.60145220355635,16.284214530975824],[94.56286514900748,16.263061062717895],[94.52214506714117,16.29734520122009],[94.47117131820185,16.293849175798844],[94.51365880710834,16.262742141536698],[94.50618314673494,16.233039359978537],[94.52111970421105,16.21886421531132],[94.50668521844813,16.17926382626463],[94.42092436176995,16.071075638629825],[94.36658040616089,16.05566959457619],[94.34624880403918,16.020625676433905],[94.2773465134309,15.997700127359046],[94.25129334711032,15.957539985881638],[94.19112637568169,16.042820552426548],[94.2008985304429,16.14902283643483],[94.21896275103018,16.163133405282423],[94.21129906040336,16.20277647435485],[94.23821020243895,16.27063624476691],[94.22713753536905,16.33641110428908],[94.27047931726673,16.497544930354277],[94.2556470802486,16.531736320874554],[94.237904962644,16.522659879849652],[94.24304570959195,16.543361883943838],[94.28418495287335,16.544552599822712],[94.30172622578479,16.52589887183556],[94.34311266661635,16.56421485633056],[94.34490674664907,16.585156696124667],[94.3177216126624,16.596145751425325],[94.318159915248,16.609967644191478],[94.35241705340432,16.635482899016626],[94.35694621099888,16.731683720927023],[94.40148113244835,16.79405824739025],[94.3742911798941,16.88803614305366],[94.38327592964052,16.916727195403766],[94.41207088965993,16.90142534590303],[94.44436273755035,16.944887367158387],[94.43467402458661,16.954972439226776],[94.45546285282849,16.996140762985842],[94.45160207227786,17.068784600229122],[94.48693679879423,17.117484959263493],[94.47965066154887,17.14040066345993],[94.44720230554204,17.1555380791191],[94.44229470513659,17.18527309597667],[94.46287233479043,17.195612111409883],[94.46711478851671,17.181864880359917],[94.48892010517878,17.183173382245872],[94.49546372706943,17.161248342437116],[94.53341417492427,17.183352051456055],[94.52648234358539,17.207027103617975],[94.49462089144103,17.216876007421863],[94.49937668898312,17.24993523961967],[94.4849069947621,17.26371711795068],[94.50047731707454,17.30745095749578],[94.51912663568572,17.275016669583717],[94.53810852898549,17.29083207244225],[94.53220210104621,17.322821623119452],[94.5489523644601,17.307389761328448],[94.56689496343195,17.31753265800576],[94.55830323090944,17.47377398058479],[94.58261670819462,17.436711990066275],[94.61048681801228,17.428590105648908],[94.62266691744435,17.394596484140465],[94.63866729196202,17.412258269803335],[94.66283071826312,17.40094393241661],[94.671254009565,17.372783012426115],[94.69605845373475,17.36976788867722],[94.7056722567693,17.33931806008052],[94.72073135406876,17.33626772427613],[94.78966485115204,17.44687683559752],[94.78531836924742,17.465924420775444],[94.80641309378933,17.479204723819016],[94.80441393595441,17.513861945172668],[94.77390058464431,17.566560322201127],[94.7879595701781,17.58577311463759],[94.78643671488254,17.656030268082453],[94.79800089562488,17.678016487870693],[94.83276060461823,17.682851905990734],[94.84375195768673,17.709089326311375],[94.86780070513848,17.719579079810707],[94.87056439642977,17.812508481980935],[94.88717437369839,17.849260167722555],[94.8725602438602,17.869224527190205],[94.881540183133,17.89844308318179],[94.84699578262935,17.923414020640557],[94.81724570032884,17.99435707531883],[94.87810694477974,18.067781242610334],[94.85207369844251,18.14215041211192],[94.90183959941805,18.19367275469393],[94.87080909656264,18.22792340334248],[94.88631596540958,18.25392338375716],[94.87329739206099,18.269638937586915],[94.88003042376516,18.303743216176546],[94.8525128113172,18.313989137388806],[94.82337250623625,18.359512751911996],[94.86537442239177,18.40885605876011],[94.92489833898719,18.423493089834317],[94.93504667926092,18.453157469441702],[95.00693290333085,18.382264842448567],[95.03411410278368,18.36952365419336],[95.07769595510428,18.378744225065965],[95.11221792831485,18.435736869361094],[95.10644345700004,18.509939236206815],[95.12303705401693,18.507352626822268],[95.12636750255824,18.505117378963906]]]]},"properties":{"ST":"Ayeyarwady","ST_PCODE":"MMR017","ST_RG":"Region","ST_MMR":"ဧရာဝတီတိုင်းဒေသကြီး","PCode_V":9.4,"label_position":[94.99697657770898,16.495353068207912]}},{"type":"Feature","geometry":{"type":"MultiPolygon","coordinates":[[[[96.89548988714867,17.38366704669688],[96.85577122106508,17.33232052876945],[96.8859424585777,17.172098160201983],[96.85120582618802,17.114347457569203],[96.83493614158972,17.128709793422296],[96.84733390843321,17.14633369424464],[96.80741911460052,17.15432816091595],[96.82155589868586,17.10695865821559],[96.81064068941636,16.9863811942368],[96.85010545889988,16.916657295597773],[96.82662590855888,16.829241286156492],[96.80311006607674,16.854272938645277],[96.79522109078081,16.844018785038948],[96.78037568678855,16.917935662101197],[96.75636094899863,16.93989199561917],[96.72857246704577,16.930972236279757],[96.70627306914692,16.976257170731934],[96.6908350227182,16.971111154656136],[96.6589297277248,16.9964981616609],[96.59683447672978,16.980717049951913],[96.51689970885457,16.994096689410778],[96.47471952818375,16.964372559745875],[96.37753675631632,16.997956591323682],[96.40351960824336,17.07627133485425],[96.36585670062628,17.149466015843984],[96.29694166662468,17.211202697246726],[96.31885814938414,17.24868517837832],[96.28127484525794,17.43901980961659],[96.26037106387354,17.469926504604537],[96.20368009985681,17.486669352208885],[96.20466907891495,17.520406427714562],[96.08064053043621,17.705552975289628],[96.09848716814834,17.741473684762823],[96.08399594775486,17.7914749212307],[96.03525315960573,17.784082437354638],[95.98996934840677,17.70862765214445],[95.97536619659276,17.719203770237904],[95.9767369882215,17.686304786436782],[95.94599210285332,17.665351264449352],[95.94064665761721,17.638558060406233],[95.90627106795547,17.632697771285162],[95.89233542264171,17.573704091370765],[95.83260809918453,17.56195445423475],[95.77507898770519,17.499491025290645],[95.78275581382978,17.464899634310733],[95.7482590009522,17.468492367428837],[95.71690541665176,17.520044163707222],[95.6772134028763,17.550603748264404],[95.67799167077904,17.586748091251483],[95.65479451205717,17.611497807178125],[95.63833427730509,17.605100733412137],[95.63684258082048,17.621812500446595],[95.61679640732844,17.626534390849486],[95.58215543312679,17.607810860183122],[95.54858996085807,17.640926576100632],[95.50352840900894,17.649098860324212],[95.4320414398606,17.72058672789525],[95.43165048658072,17.739728573714736],[95.4910258135905,17.789342044100124],[95.47461857139002,17.83036003628672],[95.48459819435124,17.88400075173337],[95.45742936327457,17.911614967556766],[95.46172446780999,18.020606369388478],[95.39641673144706,18.162336517416403],[95.4204397636842,18.213609676745254],[95.35744974660855,18.2443723560994],[95.32463568488902,18.29564464128719],[95.26153816375529,18.332990417373928],[95.25842210639514,18.379730918047475],[95.18898642698208,18.42455686910427],[95.18166098216865,18.486377059753572],[95.10644345700003,18.509939236206833],[95.1122179283148,18.4357368693611],[95.07769595510432,18.37874422506597],[95.03411410278369,18.369523654193355],[95.00693290333089,18.3822648424486],[94.9350466792609,18.45315746944169],[94.92489833898719,18.423493089834277],[94.86537442239175,18.40885605876014],[94.82949230642487,18.362729753675236],[94.79819274799704,18.37103087567441],[94.75759353681235,18.45692016543337],[94.73388703266053,18.467933599556044],[94.7655011973225,18.56447340922051],[94.72847169121567,18.573613946726304],[94.69003221631378,18.626082692662226],[94.70157428092834,18.65464222455907],[94.74656052624735,18.6568772682714],[94.74711626140642,18.682809249147592],[94.68555145933243,18.802718293814298],[94.71190151973938,18.828629187387197],[94.75128163783741,18.82925640156174],[94.7619666341529,18.859370924228816],[94.7440429928899,18.9002551818312],[94.70158568523125,18.92152574811484],[94.69719484696469,18.959794794294417],[94.73249635792067,18.960206747643337],[94.76314289702715,18.98036350896884],[94.76989911055557,18.969590959155504],[94.85242313541943,18.97666322772588],[94.92692741726655,18.928991178699963],[94.95818956479663,18.939272392007364],[94.98723773793132,18.92497790730465],[95.05948710464622,18.83243730723599],[95.08163011313928,18.864081422919362],[95.1372692363862,18.86606957035447],[95.16262642456994,18.88385094336641],[95.14269772591938,18.908145682377413],[95.1641066861747,18.95598815922622],[95.21380035360352,18.96417054733299],[95.25579999087695,18.998334575979918],[95.28192703110767,18.996701873892412],[95.27271711630192,19.06823956570345],[95.31635255832397,19.099106131143067],[95.35667583232386,19.088639367912563],[95.37877576239158,19.102326167218923],[95.42842574075542,19.180083217766335],[95.45407662593564,19.183393407280008],[95.47366913911954,19.166791862954156],[95.48875094609934,19.18810405705664],[95.50778379768418,19.185499028657347],[95.61634626696674,19.15398222819733],[95.67997142664008,19.168279729226214],[95.704578101798,19.191425221896527],[95.82642767839467,19.158487019560372],[95.82502300210992,19.20227095763865],[95.85550721178845,19.227417959871033],[95.84540723255785,19.24438343284919],[95.85862338066455,19.30620812820262],[95.81449488712938,19.384833011034726],[95.81404688085894,19.433217556944765],[95.79487422966201,19.459625139788443],[95.89150422424065,19.436528867912955],[95.9058930298395,19.47319215839144],[95.9452607471858,19.48150823791493],[96.03655405862297,19.45331353489178],[96.05360218559248,19.462652060843993],[96.10517304300159,19.41732225471835],[96.12708061887557,19.416967125032837],[96.13747978186649,19.4428119660994],[96.1624926133435,19.442876747863693],[96.17964363084893,19.493268968188357],[96.28016090360295,19.47333335914727],[96.39087381017829,19.47469248836768],[96.4183646129366,19.445190162995694],[96.44022782255605,19.444686533656625],[96.40785999903977,19.411217787970624],[96.45747754515267,19.36338825956058],[96.4646296258566,19.328298371672606],[96.45190844931555,19.302819090628596],[96.46820566485964,19.296114017048293],[96.50575448897855,19.194421851087615],[96.55434603094466,19.17350962866648],[96.49181141526464,19.145761183631752],[96.4953598792551,19.130450151153596],[96.51316807814437,19.132970179230433],[96.51031204806267,19.09012969472969],[96.57220207556536,19.037871775062392],[96.55995660441383,19.023535612178815],[96.57339675565582,18.993071271222252],[96.56473532657412,18.978436439889837],[96.59152229202024,18.959777559686724],[96.58414887916753,18.937219976320907],[96.59967971764492,18.951556135607234],[96.62257584629836,18.93257306419558],[96.63581879330275,18.94976411682056],[96.67455643573103,18.924490123120727],[96.66058040276346,18.908314316952232],[96.64238953424967,18.915417064446],[96.63706014101274,18.8942021590025],[96.62237864116146,18.91661174363716],[96.60326375791618,18.89540617135776],[96.59499685602016,18.869620629788297],[96.62898263184306,18.830946873399537],[96.62507668014473,18.811023660613493],[96.6547650266847,18.797351421331115],[96.57351354791196,18.790318338020946],[96.58479847656851,18.734777350594317],[96.6495822921891,18.64689979738779],[96.6664559812586,18.645246612341335],[96.68736062869012,18.599123042094803],[96.72839915060038,18.6310289045604],[96.81532834892423,18.598996899587295],[96.86190540590982,18.63582812766603],[96.91124058468529,18.651339624424196],[96.94778226973605,18.641088195763714],[96.94370913856599,18.623676849706907],[96.97282199543876,18.601297047021156],[96.96648439204117,18.557929827799363],[96.98294421760166,18.552049258066884],[96.97494858810695,18.467579444735655],[96.95605177696797,18.430573187902322],[96.9879401476198,18.395141665555478],[96.98616857132261,18.376048010807107],[97.0330169168973,18.374276433610586],[97.03833164578892,18.350261738088843],[97.06268436768951,18.341257205955333],[97.04410750205966,18.324661968575022],[97.05530834860146,18.292425385822938],[97.0768299723254,18.29129204489203],[97.0875749003614,18.327198440755488],[97.1074571823032,18.33013575785904],[97.14006682092713,18.25029444033617],[97.12453226465237,18.2100126025996],[97.19354319066575,18.155556503329993],[97.16458490387026,18.0446407996333],[97.11759598436726,17.989729331343632],[97.11623002839315,17.947111474914674],[97.16290068501868,17.87391860875687],[97.15880840818153,17.835197371761357],[97.18477039493787,17.832618204266737],[97.19479035968743,17.80622882010401],[97.15581568564546,17.72493316123642],[97.17845249208892,17.67828165477461],[97.17097250417777,17.665486938871208],[97.20502613384907,17.626315421219793],[97.1934124670118,17.55722395102461],[97.2218186707951,17.548261353378784],[97.2241536210928,17.533445360814817],[97.1424346360497,17.51093322828592],[97.1029258843222,17.480821342431053],[97.09667992004235,17.536914548667575],[97.01919580474265,17.569793568418522],[96.99436410032301,17.610949818779158],[96.96981203020108,17.606820899065273],[96.94516053463104,17.6249751327962],[96.9386765243022,17.612226356061527],[96.88790965990297,17.61715774533373],[96.86828500944569,17.544991282621634],[96.87399988358786,17.43616665286879],[96.89275093800548,17.398143621630904],[96.89548988714867,17.38366704669688]]]]},"properties":{"ST":"Bago","ST_PCODE":"MMR111","ST_RG":"Region","ST_MMR":"ပဲခူးတိုင်းဒေသကြီး","PCode_V":9.4,"label_position":[96.06212739010861,18.196798345425783]}},{"type":"Feature","geometry":{"type":"MultiPolygon","coordinates":[[[[92.67918120464897,21.286158355223964],[92.62697484491322,21.464448622605918],[92.60882066064505,21.59132052881939],[92.60944688106878,21.81714903330128],[92.63382469765175,21.87328397707392],[92.60534401471455,21.971540203117918],[92.65356999575874,22.01505654882074],[92.68067935826582,22.012163956801203],[92.69514463231901,22.153900694161727],[92.72688769770912,22.150042467685807],[92.81909655766009,22.074812012964067],[92.86359326062052,22.06045582037985],[92.90579470036516,21.941069349271114],[92.92985177823704,22.01429524572905],[92.95192628536985,22.031547850652824],[92.97858271242228,21.98137985379726],[93.0049615340476,21.98816563973253],[92.99476702437873,22.04057120020076],[93.00477502994374,22.1067284343698],[93.05773971781377,22.09779160140136],[93.03749462867422,22.147690366417365],[93.04311523587953,22.19984480919066],[93.10946752490639,22.20099012189668],[93.1236765389412,22.17483725223747],[93.14854021066225,22.176621886690793],[93.16014556056922,22.197659837031885],[93.14246942262581,22.246367735982286],[93.17912796738189,22.247140140305312],[93.20076200006632,22.2660084501299],[93.18538694844898,22.42557035298944],[93.1379665036513,22.4564069916894],[93.12779529002069,22.523337657207158],[93.10752702715064,22.527226394082838],[93.13946635518818,22.59142492821792],[93.09585910871094,22.676236091822204],[93.09599630118839,22.80249629716645],[93.13062173780303,22.907642825655948],[93.163606432391,22.911285918110714],[93.13987439468764,22.9526690476385],[93.13956229756207,22.992774587677115],[93.12156407012576,23.00330963373266],[93.13581924456253,23.061226479818224],[93.1568777174328,23.045710675307472],[93.1824736360495,23.059581643178323],[93.2017579650581,23.051423444136667],[93.22859011424242,23.013105311161205],[93.29200610060109,23.007312755379406],[93.3426447117841,23.064421060583516],[93.35487545833581,23.117023415198503],[93.3854963595694,23.13683446004234],[93.36904262781509,23.14523467743845],[93.38971089024545,23.21888548737542],[93.3695401453615,23.251749317576973],[93.35707075201368,23.35211731815975],[93.40049339285589,23.388625803837854],[93.39538162386293,23.501519096928806],[93.41841337028087,23.538146684322115],[93.41136686818645,23.558527377736375],[93.42820783542332,23.594950370263412],[93.41688919927721,23.64129041002445],[93.43715725080652,23.682407839350343],[93.3923372073963,23.75551638777115],[93.40358119711459,23.80647638967372],[93.3873038862654,23.84957158016436],[93.39327552314694,23.92039161568055],[93.36455474280719,23.932887370855536],[93.33299107867536,23.985819380060377],[93.32844080320059,24.0804525703299],[93.35398833019735,24.091925996887326],[93.3408195673692,24.105055790292518],[93.40922700782022,24.07759371817559],[93.43523639064699,24.019615853988523],[93.45726134063841,24.01330384169899],[93.45985335135116,23.979368169805234],[93.50605273714416,23.947042400386508],[93.55379089713227,23.9770686096287],[93.59496546578367,23.96538387476606],[93.62028138857526,24.009547797093216],[93.7544437218004,24.004680194935084],[93.81051457268944,23.926615032158043],[93.93161002458304,23.9513542242181],[93.96764960284696,23.926101534558207],[94.02011702318212,23.924154913318645],[94.05235036477757,23.886821505608047],[94.09768922887487,23.885785586435706],[94.11811937960574,23.840260831572145],[94.14216340201942,23.834781933239693],[94.13725896722764,23.774244584120307],[94.15302636157736,23.739097032602047],[94.13726055902765,23.703948874940707],[94.14974273893631,23.69113821315807],[94.1280642518638,23.665187511094825],[94.11813156092283,23.556966868726075],[94.08841447564761,23.53921288636564],[94.09303410503996,23.516485939974192],[94.04000531709177,23.573394905050872],[94.00970948210698,23.543988781057458],[94.03277748019661,23.491389277293358],[94.02954664686031,23.38477178439041],[94.02073528370643,23.36597420804333],[94.00372120237165,23.39409055583451],[93.95500787961004,23.4007797608773],[94.00340627058296,23.371261025575915],[94.01045536092624,23.29049020026257],[93.99037968157711,23.228712629384397],[93.95736430212087,23.225272772920153],[93.96321164819912,23.186065347138076],[93.94618823819667,23.179874404280387],[93.96665122767207,23.16130277180555],[93.97697012077452,23.090110324332056],[94.00247758657143,23.067384761997243],[93.98960676284189,22.972425480251804],[94.0172402889083,22.968768386252066],[94.02549702936449,22.951362508972643],[93.9895708259329,22.946675605794614],[94.01121666401787,22.910078714061438],[94.0172428312917,22.852728183658822],[94.01255715029231,22.8359915305847],[93.98734191020104,22.830412210355306],[94.04893462273469,22.60569700091588],[94.01657884114066,22.595431311705745],[94.04782217215556,22.451274176761896],[94.01769786216663,22.439669604768476],[94.05786399492747,22.436769326243446],[94.01836882656016,22.36647498583198],[94.04180342608731,22.155594491692504],[94.00647912001546,22.08093769831619],[94.01750445306811,21.995780751680403],[93.98217321142465,21.914733434300622],[94.00615007606524,21.72042992759913],[94.04216891866072,21.67153311256317],[94.10329744791893,21.63525761514689],[94.11936501708193,21.579148460333222],[94.0926300738189,21.547515828093022],[94.09890641360018,21.528185168710596],[94.07694150774444,21.481238628859682],[94.08811311462857,21.46128042705009],[94.04619183168772,21.355337026382706],[94.05767595388221,21.330969200368365],[94.00601875166409,21.29955975557828],[94.02447841404762,21.281151689099204],[94.10455978580552,21.272993972094188],[94.09439392583909,21.212993070374065],[94.12000071096412,21.16793020371597],[94.0951495946781,21.08269861155174],[94.0529754754379,21.06725836717993],[94.07736010708334,21.03457423771096],[94.00357850604327,20.960117578563423],[94.03134599692027,20.887225299108295],[94.06485931030896,20.856565479713137],[94.0392537797382,20.827593435089007],[94.04156026829179,20.807825957901688],[94.08367535333497,20.74962230992174],[94.04549195678845,20.688390617632926],[93.98973423364804,20.68224485491619],[93.92337626540241,20.63989504861762],[93.86341557327019,20.65004622625242],[93.84071063328919,20.687491361237385],[93.85030940055846,20.71184615697461],[93.82879961730858,20.733356101203178],[93.82309564834554,20.774669206818494],[93.76302654473933,20.76482049367087],[93.73493811280372,20.860460843693026],[93.69582901080024,20.92019125632145],[93.66027245660867,20.924333366391817],[93.62896250021926,20.91510212776103],[93.63013991062844,20.867425759291393],[93.59885957341066,20.846927849140975],[93.60092546094133,20.790263514949288],[93.62955275495575,20.75278241787436],[93.63082847475437,20.72235674866504],[93.56373949078494,20.734189432796132],[93.5304776638132,20.707368028711592],[93.48525690138497,20.74329660815198],[93.46111293641293,20.728102801403224],[93.42178352838721,20.74333836277526],[93.40535999766583,20.73176630936774],[93.39016530058821,20.77119607633789],[93.32896023362791,20.758387045026154],[93.31107906914377,20.79094509404093],[93.24355128706229,20.8098100655821],[93.25382403774921,20.843553448932596],[93.23539707741328,20.834642865376],[93.20852647771483,20.851135939771837],[93.17980343108354,20.833344708391614],[93.1599746785886,20.843537058788293],[93.1313069996184,20.949647486942016],[93.1414983940357,20.969795021223334],[93.12229839535473,21.05583581257276],[93.12980828032796,21.088335054918904],[93.0799080449204,21.08463084903451],[93.07702777721022,21.070056739926656],[93.0469267084009,21.061523243003315],[93.03483851338672,21.077640937679167],[92.98919456687584,21.079618432644626],[92.96396960960988,21.113430976558387],[92.91917329481174,21.113667273425968],[92.86919907487749,21.06575724490097],[92.84241194035883,21.10539632458074],[92.8389336126961,21.094613510804955],[92.80653908381173,21.101442142241126],[92.78366655876471,21.18977177384836],[92.76368810692067,21.207290703103528],[92.73816163665026,21.198431426768995],[92.68123010938211,21.283975666443897],[92.67918120464897,21.286158355223964]]]]},"properties":{"ST":"Chin","ST_PCODE":"MMR004","ST_RG":"State","ST_MMR":"ချင်းပြည်နယ်","PCode_V":9.4,"label_position":[93.52738316759108,22.143355418552424]}},{"type":"Feature","geometry":{"type":"MultiPolygon","coordinates":[[[[97.06658535782805,27.09272996321727],[97.10252913221376,27.106889467774742],[97.13834575415332,27.092214720932695],[97.1651530101034,27.134895779916352],[97.02862021055432,27.305851971691204],[96.99910492864963,27.318328061390957],[96.9623334794066,27.40221650438821],[96.90505256282559,27.45164902398328],[96.92644314543486,27.508422382087307],[96.89417394786945,27.569150422554],[96.90468698481658,27.584913422816257],[96.88955567555405,27.612484470282126],[96.92575902036255,27.6327584375519],[96.93016419741986,27.659508556874464],[96.9827237640905,27.669489218552656],[97.01884029014737,27.736322295037954],[97.06190135856092,27.749070908095977],[97.08814635477052,27.73821999225891],[97.09560410514541,27.769131048958794],[97.246850468974,27.899329821713927],[97.29781497468139,27.915288312105975],[97.32004978417024,27.889451110780207],[97.36516076365837,27.873026746387268],[97.38802923636024,27.923268698991308],[97.36906210543187,27.931926734031595],[97.37752872786854,27.950735318979866],[97.36487201383244,27.97450878575194],[97.39268863197488,28.013788201364424],[97.35128933443532,28.06569627486322],[97.31275623201456,28.062927362108088],[97.33411121585999,28.104171656097105],[97.32606296343505,28.136579280909125],[97.35822004611828,28.163168712965803],[97.35001080425526,28.23924333521182],[97.41201845318915,28.249518699328583],[97.40213931957402,28.278725092888756],[97.41797544281252,28.29553880796964],[97.4631329289416,28.27068777891794],[97.48034433682177,28.27916299257811],[97.4707572427526,28.30483492189417],[97.51972012108679,28.328807264743553],[97.48266471090774,28.3825453210098],[97.52288066071395,28.445039737893634],[97.50377904156954,28.498423001720194],[97.52174609040979,28.497567810306236],[97.5735830877893,28.54553886232867],[97.60291366693224,28.517161374797627],[97.66014736460924,28.537051833375475],[97.72217835544683,28.497449507189057],[97.74020502034544,28.46039826806565],[97.7386644394124,28.395387336756244],[97.79013778782871,28.35799380127298],[97.79444440008906,28.333723808906715],[97.84365554796523,28.330448510390514],[97.86843777528314,28.365980882711586],[97.9085151800316,28.368049798259637],[97.96229234331707,28.320788610805785],[97.9564835268933,28.3006481056256],[98.01054615657995,28.27402151897798],[98.0240187733478,28.245888091262422],[98.01139346183885,28.208683731768886],[98.03155849512848,28.189335924113674],[98.07761777913726,28.204174769350168],[98.09439769229972,28.170448220409067],[98.14161339024584,28.139757540777904],[98.16038322520575,28.098847980749767],[98.13803981988183,28.04409449096801],[98.13717924332748,27.96299479887091],[98.152333496094,27.94155739575729],[98.18889982526677,27.939135743619705],[98.20142993634255,27.875529086598142],[98.18201577580749,27.87377204424451],[98.16987514582138,27.852386252323765],[98.18043736129522,27.83037382898908],[98.2249362424137,27.811312541740456],[98.21921641840305,27.759320578581878],[98.24697929665729,27.741145289023912],[98.2242087052676,27.71138722973689],[98.30175268034198,27.631090026083882],[98.31780915906553,27.52268009800814],[98.37309255907441,27.508960537299014],[98.42944619818354,27.552654069229956],[98.43704198370062,27.666606611705834],[98.47076998864412,27.63885535898765],[98.52959144389007,27.621112142411498],[98.5581495836364,27.646309864608625],[98.58746120327199,27.56820411902492],[98.609569419693,27.578841013302156],[98.64977902298358,27.56734080943084],[98.6670723438137,27.588474697649243],[98.70263800993628,27.56369970717576],[98.70486966140578,27.52114070687816],[98.68686210170468,27.48673406182752],[98.70337116784523,27.45174632163548],[98.68716845755836,27.424285070599584],[98.70282018920047,27.415324185262993],[98.70649382802783,27.3629091027729],[98.73500360403318,27.35138905625996],[98.74100493203207,27.32650862297464],[98.71685262225077,27.27220990236515],[98.72356272214198,27.223937381405054],[98.69346481624831,27.200254827997977],[98.71441800998322,27.07701501013468],[98.76588836365711,27.05318758224116],[98.7638725305929,27.021367780398805],[98.73550757871186,27.00274361762389],[98.75840635586873,26.88461995834444],[98.73274121193742,26.852592539913818],[98.76227625464547,26.800048597165077],[98.74343820970569,26.71209250526492],[98.77094050040382,26.69030049856923],[98.76200574936593,26.665565027004455],[98.78131804459214,26.622650144288805],[98.75541494184613,26.56473345378589],[98.75054165777136,26.422864776888],[98.72774516590677,26.348438475255474],[98.68331732403536,26.307785140172133],[98.67196154409005,26.241943068917518],[98.70603820000298,26.241654060986168],[98.72512032634206,26.210921677993106],[98.73491991762019,26.184870214089194],[98.70904273783214,26.15655295595422],[98.71634109956217,26.125582881245013],[98.66656574401395,26.089537298207798],[98.6504060878707,26.143751784717164],[98.60374481657011,26.13179223772163],[98.5864602947069,26.144086497094236],[98.57292686308432,26.120778682190448],[98.61673930157757,25.975260113063836],[98.64196816280054,25.976697446430077],[98.68490411483312,25.937922322057553],[98.70526523180506,25.85198524142577],[98.63946148965609,25.800794243259762],[98.56259633455323,25.84752826162003],[98.51811249639469,25.83516486776449],[98.475379298316,25.780414980666873],[98.4589648714317,25.68885106142738],[98.41131380898514,25.661937218727697],[98.40297191891898,25.59555849233061],[98.38017899286625,25.596497836905723],[98.31367144937794,25.54796812512892],[98.25444924004046,25.60613483525452],[98.16826614266841,25.626048372234663],[98.18436375458367,25.561951275331122],[98.12528681543427,25.51504274982312],[98.15759582418796,25.45828894657768],[98.14039749065171,25.39037941038151],[98.10180335933764,25.39165088358146],[98.09742494340645,25.354047631592955],[98.06692030292972,25.30902346366195],[98.01019059432053,25.303631267169294],[97.99061048998222,25.2596559398698],[97.93625351758585,25.219796639603256],[97.91074097331732,25.214740961326356],[97.87485507660057,25.262340794791896],[97.83762823315652,25.269501679858706],[97.77731626043713,25.124447654635606],[97.74182287192804,25.082053546833777],[97.72165318644545,25.08404917482961],[97.73094535774214,24.91182232014399],[97.76229014667297,24.88227883010398],[97.78603563643554,24.880892308433314],[97.80061292464684,24.84904005725287],[97.76389496528049,24.825881623338322],[97.701876448939,24.84625600441115],[97.65055704826922,24.795666101409477],[97.57410239231162,24.771139180828584],[97.55055899729996,24.742542724567155],[97.56887489675916,24.718253150362667],[97.56937136569604,24.602584336298154],[97.55423984239485,24.489461843789115],[97.53128223158978,24.437030643649337],[97.67114628727143,24.453813984128097],[97.68159554789628,24.40323024687842],[97.71636916940173,24.360509114104392],[97.7029612408686,24.344177367291696],[97.66547671917535,24.344300004241862],[97.66757115658369,24.299263315049984],[97.72236433164863,24.297990277929035],[97.76954562962716,24.262579416606854],[97.72928121625516,24.229105177861694],[97.72799430709163,24.187953552714358],[97.75218672933414,24.168719646894274],[97.72858498540882,24.114805383761507],[97.63766451490551,24.049801627243358],[97.62782922503875,24.00720340121603],[97.57634785556913,23.986308098639874],[97.5291467473246,23.943554490447408],[97.52855412557248,23.929761238390473],[97.62852996868315,23.88469861994542],[97.63830583584569,23.86323598005646],[97.59966810629811,23.820570071951305],[97.47549999023242,23.81864717392796],[97.4531547880631,23.798572034172093],[97.46350669887511,23.77405738843777],[97.40858625715009,23.738965918642293],[97.37265096606929,23.745411947903097],[97.34565162392335,23.723455424628185],[97.34429700570229,23.694513007269506],[97.31802162230008,23.719808371559164],[97.30364796038513,23.698472920089216],[97.26863655093617,23.712487976439032],[97.23290429259907,23.680509605234132],[97.21897310972128,23.699083394283257],[97.1785561272635,23.67035081214033],[97.14000106879435,23.68522422911491],[97.14102744615981,23.665807727644577],[97.08421887869838,23.63324537717244],[97.01465797408628,23.64403343579449],[97.0029313173265,23.702043523589793],[96.97464527915639,23.716191931412542],[96.87563893398965,23.714612715604403],[96.85628666479779,23.7322672608255],[96.77790287311916,23.74966609731256],[96.79100209587011,23.782991316596046],[96.85298343603684,23.785272625930993],[96.88279915175953,23.830686569929295],[96.87677955583189,23.875005722436185],[96.83917815644685,23.89499466667059],[96.84522455307075,23.944102185667365],[96.83204104405898,23.956197488923003],[96.85915546615189,24.003925753670657],[96.8393610470747,24.025926261887548],[96.75533453655972,23.9939705482023],[96.67890006858333,23.99991867500688],[96.70308389780371,24.02923406370115],[96.69882770063793,24.06733137084615],[96.67671397676868,24.074086976432845],[96.6903742110011,24.122224525341608],[96.66616614595091,24.13904378564222],[96.6586504315722,24.17008094617876],[96.56740307639093,24.242208990752367],[96.59608263810331,24.270811145118337],[96.60333851316193,24.31798713889538],[96.57731809475435,24.312837696402593],[96.56232213705705,24.346902311292684],[96.59688327214536,24.36865946476252],[96.58224305837054,24.395733624207438],[96.63633567505144,24.40079629920991],[96.6454448873717,24.429838194177368],[96.63219526290113,24.430713365829202],[96.62997246435782,24.457674012845473],[96.59234920335314,24.48231727961883],[96.55609582116529,24.47186585342644],[96.53455917516584,24.497125324873885],[96.49861297980522,24.485583349292195],[96.42381996791727,24.551231364835633],[96.37418178056477,24.515211121096396],[96.33617340377964,24.52082781085483],[96.30664987868903,24.50606605010818],[96.27446923916409,24.522008752002364],[96.18488174829412,24.479768244808724],[96.20397765044831,24.550212690163566],[96.17779610410695,24.52907252917395],[96.1152062331812,24.569814991568645],[96.090996945053,24.607014629621517],[96.10753011572234,24.626204920121044],[96.0877671099642,24.652052067948595],[96.06944477225846,24.652480854807663],[96.0770623537447,24.67895324909324],[96.057635362582,24.690566201868755],[96.05986976058102,24.679811515289273],[96.02958801527471,24.681118675386582],[96.02693367974558,24.663175422607715],[95.97921450444592,24.66654402758486],[95.95838031080275,24.688940602626765],[95.95681704537043,24.717587995589565],[95.9120250347276,24.705607204808715],[95.9104613987746,24.748838738816808],[95.86931065136554,24.826016155621115],[95.88024917106247,24.88269967415067],[95.86554514679113,24.91560944082306],[95.8061722866218,24.95998887578605],[95.87597054840215,24.9644831972418],[95.90379527033554,24.99450484422323],[95.99310686538956,25.005205843075245],[96.01257956729324,25.091973907170154],[96.04722952032614,25.056751227187426],[96.04069088967287,25.016899006384108],[96.01281820239818,25.005062659314312],[96.00785457332995,24.953899091370026],[96.04336361633791,24.952753639269076],[96.07047266857887,24.9981899431114],[96.0760090245969,25.087630730274036],[96.0534817843569,25.091067088375492],[96.04508179538863,25.156357909390067],[95.9950636786459,25.215921467202012],[95.99391822744428,25.273575934282],[95.96044672443686,25.335330492408325],[95.95787056157724,25.611750784870882],[95.97619429772874,25.629857795201136],[96.06111078093784,25.569875790035724],[96.09132547728899,25.620672068561188],[96.15407924336245,25.626130930897784],[96.21633950286582,25.668560416230253],[96.19492435617417,25.686406373155663],[96.21574463820457,25.725370043992367],[96.19700638473694,25.75213898072945],[96.14882230130821,25.75957479394163],[96.1199713360084,25.787533460001214],[96.12473025689587,25.843450793919036],[96.10926376311221,25.88181960099382],[96.08517172229722,25.897583530255773],[96.11223808821728,25.918998676048094],[96.12294566381138,26.003469539787496],[96.17826812767203,26.019530900930356],[96.18451421336034,26.059089439126353],[96.15209405829422,26.095078785757373],[96.1561117984208,26.15496105970521],[96.11907904036548,26.171816399007636],[96.1363301299316,26.19144695171547],[96.12264419307513,26.229077994553847],[96.1059920034283,26.221487646337835],[96.08427942215768,26.251825771941867],[96.07505901316301,26.239928467025212],[96.0738692811425,26.265210239860725],[96.09753593723377,26.272779215688338],[96.0881460456036,26.287220253911652],[96.10913262217281,26.328286985755838],[96.0881460456036,26.32915825165202],[96.07131740807199,26.35486015627123],[96.04174655885669,26.351763130364244],[96.03014668672029,26.383290987988744],[95.99385990820826,26.402029244154342],[96.02028042779955,26.434829678446924],[96.00783924078837,26.485310374074555],[96.1762553999668,26.505041669737313],[96.18319944140114,26.524487323631153],[96.13736353639814,26.59462888091814],[96.13041782941934,26.635603121087215],[96.08261987890434,26.652001820627568],[96.09704367802341,26.671603398078386],[96.0744833751077,26.685287520103028],[96.10335326574068,26.72558122619268],[96.19133003575261,26.753267660274325],[96.2096026328553,26.79082154487845],[96.24827466434436,26.80136988381315],[96.23147559112567,26.869732484066947],[96.24514706868236,26.888874443201022],[96.28264788159453,26.876374665358583],[96.27795935514017,26.909579433943744],[96.31702141990267,26.93966007735077],[96.30074085620562,26.95786485657794],[96.25491095957318,26.950987335297334],[96.22834759616467,26.96934705422325],[96.30373854389877,26.988490472057666],[96.3303004459089,27.019352105615205],[96.40543535305915,27.00665058465683],[96.42462142304032,26.98408224539936],[96.44925307057281,26.98308702684489],[96.46138165683804,27.00429427905777],[96.48412688284942,26.985155005299305],[96.52573400382128,26.996250234560694],[96.56956016956624,26.982381195735623],[96.64672839439993,27.007900231310664],[96.69660057905355,26.992921665602402],[96.71934580506492,27.001520473091436],[96.74098150779041,27.03924426211307],[96.94228785540027,27.044813065670485],[96.9859087598814,27.023710936110877],[97.00477065394256,27.038966880617142],[97.03583730504766,27.03619307285208],[97.06690395525341,27.09139185205237],[97.06658535782805,27.09272996321727]]]]},"properties":{"ST":"Kachin","ST_PCODE":"MMR001","ST_RG":"State","ST_MMR":"ကချင်ပြည်နယ်","PCode_V":9.4,"label_position":[97.0866679584626,25.56615039954816]}},{"type":"Feature","geometry":{"type":"MultiPolygon","coordinates":[[[[97.86325691407541,19.574802387120545],[97.85610411841037,19.52982483105113],[97.88879112840789,19.500702746234825],[97.7870585118409,19.396415911165438],[97.8042295797314,19.386220300726343],[97.80058780208545,19.351733641194635],[97.8437948340644,19.291809071231693],[97.79229621829592,19.283771899353717],[97.78281279087764,19.26394316034861],[97.84665894635332,19.213187282067448],[97.83918488857182,19.096301303062717],[97.77310363812245,19.0751291127184],[97.76862142423938,19.04307686580478],[97.73606463607416,19.039803577273354],[97.73666630590537,18.976345665420187],[97.66834717528195,18.93967738820093],[97.7060587748926,18.89688962555584],[97.74187998157595,18.881593680104288],[97.73933098633603,18.828936660198742],[97.76452276761171,18.757881020292924],[97.75538227956861,18.720120099163303],[97.7743610899924,18.68880920118375],[97.76891250690672,18.578454634873523],[97.65297783076232,18.575084283412988],[97.6364332575888,18.557327852198686],[97.61277227262237,18.560989669437735],[97.6026628424163,18.536079000045834],[97.54496551544622,18.52876042785152],[97.53446066232975,18.491449353005287],[97.48230364209945,18.510101437931038],[97.45050062610306,18.491611477387845],[97.4031390734096,18.565893113176692],[97.36431281088757,18.55682411943764],[97.3620146824317,18.597074505184313],[97.30878238330041,18.683526769644736],[97.17763199741881,18.679391378409434],[97.12382649199907,18.69910390522108],[97.10152871557786,18.686823969350762],[97.03640974781166,18.81033247226582],[97.02563787608716,18.86203746175948],[96.99503734090065,18.88102099542266],[97.00452954480272,18.914771048145386],[96.96480291971905,18.945708595275498],[96.9426544487439,18.997739922659374],[96.9532013406694,19.019536831559623],[96.92683411310391,19.050122818413396],[96.95038883687539,19.070865036592224],[96.9229669185885,19.093365069642307],[96.91734190920181,19.136255760594906],[96.90262000101231,19.15620992804577],[96.88647635280148,19.150018606573493],[96.8493114105932,19.175057700052886],[96.85645514738718,19.207849338076535],[96.81978011625942,19.25468672990872],[96.83118790669658,19.274754748832674],[96.82083480428285,19.311639941630066],[96.83416596578674,19.33269137190932],[96.86619731785197,19.299425222795826],[96.88867654238855,19.374573944432026],[96.96586725117277,19.427100164241214],[96.94389538006777,19.457437188175717],[96.90868575104663,19.460649396552473],[96.90995293897703,19.480619710431366],[96.87318796215483,19.507985932804615],[96.87861869369782,19.52453712858568],[96.90872358462576,19.531503683648108],[96.8983780670942,19.555959814993518],[96.91199104105374,19.576984242229063],[96.94480330322996,19.586385725221085],[96.96873668564955,19.632131485779507],[97.01572958375334,19.64966012501482],[97.01530988184561,19.69072459506406],[97.12803847579512,19.715040243312632],[97.11609932632291,19.75071106266546],[97.15925757727543,19.76793081895221],[97.1340648184367,19.799126536260694],[97.1468538110546,19.832926018421063],[97.16171419775209,19.835508340737352],[97.14091606422507,19.903113228892433],[97.15705455392458,19.95579169942744],[97.14711164668523,19.99244862630309],[97.20926069422569,19.989355192288365],[97.22184166376184,19.907571805894182],[97.25892805378669,19.891797702601927],[97.3294198844202,19.897550300605936],[97.3521785292158,19.955604364349995],[97.38474740157137,19.962296598309422],[97.39985051618847,19.917718643400747],[97.43224515838739,19.90308169776222],[97.44286121627216,19.87966343082276],[97.5169198741529,19.897443452153652],[97.54052910763225,19.880597905568944],[97.52784160980252,19.865388738399588],[97.54686525772553,19.833673577173894],[97.59168805575922,19.83284535373015],[97.56177319337826,19.732244392764592],[97.59291650089585,19.716192014050254],[97.61373703833375,19.67973510179354],[97.72947848524393,19.656190689648668],[97.74674411684761,19.67573712606759],[97.796340715052,19.647061981825058],[97.83073605832249,19.655504202057337],[97.85857210631771,19.63540435162958],[97.84860219423594,19.609042994838383],[97.85975437036798,19.582586167817457],[97.86325691407541,19.574802387120545]]]]},"properties":{"ST":"Kayah","ST_PCODE":"MMR002","ST_RG":"State","ST_MMR":"ကယားပြည်နယ်","PCode_V":9.4,"label_position":[97.38257286800828,19.341730435260274]}},{"type":"Feature","geometry":{"type":"MultiPolygon","coordinates":[[[[97.8150776941803,16.52391496830122],[97.80560567646089,16.518389709917244],[97.81500413053624,16.524020407515824],[97.8150776941803,16.52391496830122]]],[[[97.65196418779712,16.593645097443307],[97.65151405373065,16.590490341356187],[97.65004921999555,16.59050944835244],[97.64962091697183,16.592222660447472],[97.6495495341837,16.59514939702714],[97.64983506893333,16.597933366231906],[97.65010129703734,16.598820791146615],[97.65051078804244,16.59857368442806],[97.65148735016108,16.59726906041888],[97.6519832615184,16.59560203750406],[97.65196418779712,16.593645097443307]]],[[[96.6853847003437,19.46955649433678],[96.68530725162843,19.449013197201367],[96.72775849066187,19.448485852739935],[96.80117582310584,19.40432535413182],[96.83085435174699,19.353563831705486],[96.81978011625944,19.254686729908762],[96.8564551473872,19.207849338076496],[96.84931141059317,19.175057700052886],[96.88647635280144,19.150018606573468],[96.9026200010123,19.156209928045772],[96.9173419092018,19.136255760594864],[96.92296691858851,19.093365069642307],[96.95038883687535,19.070865036592263],[96.92683411310388,19.050122818413392],[96.9532013406694,19.019536831559666],[96.9426544487439,18.99773992265937],[96.96480291971902,18.945708595275498],[97.00452954480271,18.914771048145415],[96.99503734090061,18.881020995422645],[97.02563787608719,18.86203746175948],[97.09451801999063,18.69449892938214],[97.21645562312855,18.67661761920781],[97.30878238330044,18.68352676964474],[97.3597198895613,18.598421201277468],[97.34319629487314,18.575543802804336],[97.34704478259071,18.544503384024033],[97.38442704777016,18.508514015809205],[97.4256381378898,18.407424608758735],[97.4521670743511,18.388652225120147],[97.4446603792732,18.337462728821915],[97.46213690459452,18.30848188972752],[97.50839664389005,18.265804276046524],[97.53388836615521,18.28280120371256],[97.55533155910422,18.338153875800764],[97.62743271934461,18.31334555015703],[97.63951415235631,18.280264147872124],[97.61532762606912,18.253296655216452],[97.61407402689495,18.226123289758064],[97.67325996027901,18.164133849397665],[97.69108214002878,18.09109205135709],[97.68212252543428,18.06539813181834],[97.70554391661855,18.05879601262593],[97.73716155356287,17.984566328873072],[97.7316814042734,17.95307821678634],[97.68981357613565,17.927492640373085],[97.6723619170689,17.880957219300328],[97.70184767602949,17.81787280038943],[97.7201077833476,17.817610328753716],[97.77373866200965,17.752135343671224],[97.7645604447088,17.725589811120987],[97.7964513451535,17.678858499720004],[97.90310147535284,17.58676089669809],[97.92487464574837,17.538699097685292],[97.99277844337058,17.509188836695508],[98.05695045290118,17.441239350815504],[98.04573570014256,17.429770508102557],[98.07957453843426,17.390976773159558],[98.11018904638743,17.38524314275692],[98.11010048115237,17.324014598994605],[98.21239869304529,17.229790031884548],[98.2437625467042,17.227702271942377],[98.22693173191398,17.20506778664904],[98.24435354518005,17.212023004857787],[98.24975850125387,17.184577618762184],[98.27955475025159,17.17259703122805],[98.27087957413315,17.15413168512921],[98.29677315755528,17.149567014206454],[98.28101468088292,17.117668798676164],[98.29601059631206,17.128331663575466],[98.30208542859967,17.109508122901648],[98.32167370058092,17.11302191982574],[98.30053457291233,17.092485420665668],[98.32605732808325,17.06391782724593],[98.34484110703151,17.051011420940373],[98.41126726637131,17.056366106710538],[98.43868012578726,17.03607580415508],[98.43131985922419,17.023315454045015],[98.4561474924129,17.022666479874168],[98.4486622722461,16.99606958344456],[98.47178665423074,16.99555081941487],[98.47111967563261,16.96790636029036],[98.50872406076684,16.94745720958258],[98.48350128795417,16.93619489707688],[98.50834570339163,16.910035385924335],[98.52110510831412,16.91710025037628],[98.51530608640682,16.900000455556604],[98.53582483025181,16.89975606299202],[98.54039218924825,16.86055523283779],[98.5104642381341,16.879523404281723],[98.51672165438086,16.8578231329313],[98.4988545768773,16.860791074648404],[98.49625752636382,16.836583429581683],[98.53835640922094,16.82969957437591],[98.5485740521509,16.813969214108035],[98.51655326442173,16.80477150580034],[98.523366618175,16.79148144061607],[98.48454484686722,16.787242736163396],[98.46392047225197,16.729783605429102],[98.47151870392506,16.711904952751397],[98.5033868389315,16.71234216895597],[98.49873513971502,16.689819742786923],[98.51841190228757,16.69946799435252],[98.51180632789973,16.64429620920281],[98.5706919398812,16.632883617285085],[98.58699910012841,16.58390035941409],[98.57767269793672,16.557579160050192],[98.65091562305761,16.472519905869007],[98.65785262369971,16.451900189742016],[98.63837749182782,16.411198541279667],[98.65619811305255,16.398992333629344],[98.67338186498114,16.274624943986],[98.70215862092365,16.26955180896886],[98.728266648587,16.330880949096546],[98.74760641720245,16.347589599980136],[98.77818747936875,16.34494655903652],[98.8309872396694,16.422169483335022],[98.88304294587535,16.41942343764161],[98.92170008009472,16.39148682295851],[98.90076249139591,16.313690857846805],[98.91693408514003,16.30485692980351],[98.91139299958732,16.255313591249262],[98.85405672343909,16.219041969011702],[98.86251433376957,16.170397334669303],[98.8479912054298,16.12872686365384],[98.80436799508695,16.10366814696745],[98.77972916736726,16.125221209191473],[98.6649878969739,16.127116445867337],[98.67455065808646,16.09436737275612],[98.62771404866452,16.061429841314187],[98.63064407226621,16.04483854296442],[98.5814884152582,16.06167996076165],[98.56484686189327,16.050923189553576],[98.60953704679737,15.970467402148966],[98.58466653303418,15.912687231430652],[98.59546667494715,15.87579721197184],[98.61035479493795,15.874330415016654],[98.54730359968146,15.683067456797758],[98.58628921307678,15.470097372595756],[98.58078340702863,15.380388002004683],[98.5568044577596,15.335108868179756],[98.54623352155978,15.363033393276456],[98.49321372593275,15.391746859430086],[98.456876760754,15.366154680194363],[98.41612916862633,15.364325909713003],[98.4147970271611,15.322042307006964],[98.38721451423854,15.304846257748647],[98.4141414969326,15.293241397972132],[98.4176458536733,15.266485108401081],[98.40129057160269,15.253786095651808],[98.35362709581389,15.298127715921414],[98.3001974089833,15.313395634001367],[98.3039048371386,15.280184133091343],[98.2816323298682,15.27182192374282],[98.26347562480032,15.23856911787059],[98.23627583815944,15.237296519618745],[98.22892785273825,15.22062590286318],[98.20252237071084,15.2355595744149],[98.1842199044251,15.308593088800112],[98.13403424038792,15.3352441244169],[98.03808556499692,15.513450460770159],[97.94818993132027,15.608877060827794],[97.94772381540187,15.645558147990165],[97.92228542922923,15.637121624063774],[97.90105580817905,15.674348820042091],[97.86780875796784,15.678681144819059],[97.86331583855515,15.703017804827887],[97.88503162500953,15.735404279384099],[97.83371723356356,15.865591306993284],[97.83195668835057,15.907257537705263],[97.85014162403674,15.93021568360696],[97.8335463264019,15.974749382877715],[97.86599389100535,16.034897045861992],[97.81328773124386,16.125966847891767],[97.87186237295019,16.14463768188353],[97.9084416694476,16.13232534793648],[97.94787765433031,16.14388081514758],[97.9519117153534,16.158880776626535],[98.03031931298601,16.147452239729162],[98.04466405270394,16.125959086742533],[98.07667243788275,16.122044022213874],[98.07696586058604,16.13642180392317],[98.12510824425014,16.157485815717884],[98.12818409202227,16.19730471394146],[98.07846749278063,16.246531167379516],[98.07879233599758,16.274509364915332],[98.04398316609027,16.314524127386573],[97.99480709806922,16.334483111606332],[97.98027915385988,16.435053161973897],[97.96140086335917,16.420969359648282],[97.91593720303953,16.42719441199255],[97.90197820233229,16.45841756941538],[97.85665635970332,16.480331427953118],[97.85018715041674,16.545431041409472],[97.79055857252018,16.5152956104042],[97.74577646880903,16.56251703613235],[97.69783592268973,16.573415756332096],[97.6980829736504,16.60295983183085],[97.65349502727382,16.592962023678556],[97.55752218170336,16.720882419787916],[97.54805305890159,16.773529539057005],[97.55849671405223,16.78573104235371],[97.51211353920851,16.800415309419034],[97.50345882266659,16.81499820400399],[97.51759654564414,16.835482243910413],[97.48509371410371,16.848962827772315],[97.48675831334553,16.88169789843935],[97.46899516059824,16.871089785165502],[97.47704486362959,16.938997311376877],[97.43804129616892,16.992591826851363],[97.4656906332162,17.00467948856764],[97.4447989656998,17.011389568673682],[97.45720934193767,17.0198098859175],[97.44078579322982,17.030781268640713],[97.47185564592134,17.02938483644115],[97.46742984920832,17.04556516979679],[97.4821136899948,17.05380974962035],[97.46471076069308,17.079871935241705],[97.47129290324497,17.088619213605835],[97.47475620863216,17.07537743661945],[97.4897962376064,17.11431690939794],[97.50376136269676,17.10585976131894],[97.49955685496502,17.123198892714772],[97.51524226172104,17.12773367017276],[97.48931009018851,17.18807401740204],[97.50740193794914,17.209658511830902],[97.47800924982707,17.26395820910412],[97.50353114074957,17.302841563287593],[97.48531691234572,17.319029592141963],[97.49319255968899,17.33538990591955],[97.46738495595103,17.35117338644264],[97.47504601156422,17.36179335278106],[97.44267344502354,17.390442064149955],[97.44152228042896,17.44754570277197],[97.42501242108638,17.47001083942877],[97.43588794777065,17.542937784151466],[97.39864039024194,17.556579894346655],[97.35932352595998,17.636823087415618],[97.40693818385016,17.70524656008073],[97.40098743192445,17.717759929377305],[97.39709270466464,17.697839580931948],[97.36852045185745,17.71384735507143],[97.36461175812619,17.67545018427866],[97.3423092081035,17.677749412605323],[97.31574445794043,17.583924961967487],[97.27479712908428,17.60689324862462],[97.25133053437676,17.577661070601977],[97.23532073316535,17.579498261435663],[97.23873265758613,17.54380428184222],[97.19341246701181,17.5572239510246],[97.2050261338491,17.626315421219804],[97.17097250417777,17.665486938871208],[97.17845249208888,17.678281654774594],[97.15561884473395,17.736153140854846],[97.18219248739345,17.761152049027892],[97.19479035968742,17.80622882010404],[97.18477039493786,17.832618204266723],[97.15880840818153,17.83519737176132],[97.16290068501866,17.873918608756853],[97.11568364438475,17.95995146988448],[97.1175959843673,17.989729331343604],[97.16458490387024,18.044640799633335],[97.19354319066576,18.155556503330036],[97.12453226465237,18.210012602599587],[97.14006682092713,18.250294440336198],[97.10745718230316,18.330135757859075],[97.08757490036145,18.327198440755485],[97.07682997232541,18.291292044892046],[97.05530834860146,18.292425385822927],[97.04410750205963,18.324661968575015],[97.06268436768951,18.341257205955305],[97.03833164578896,18.350261738088832],[97.03301691689731,18.37427643361059],[96.9861685713226,18.376048010807086],[96.98794014761981,18.395141665555478],[96.95605177696794,18.43057318790232],[96.97553911264002,18.473091017236673],[96.97282199543874,18.601297047021145],[96.94370913856604,18.623676849706946],[96.94401357436705,18.644540605864343],[96.91124058468533,18.65133962442423],[96.86190540590982,18.635828127666073],[96.81532834892423,18.59899689958729],[96.7283991506004,18.631028904560395],[96.68609784833707,18.599473847839917],[96.66645598125857,18.645246612341356],[96.64958229218911,18.646899797387814],[96.58479847656854,18.734777350594353],[96.57351354791193,18.790318338020903],[96.65476502668471,18.79735142133113],[96.62507668014472,18.811023660613454],[96.62898263184306,18.830946873399576],[96.59499685602015,18.869620629788283],[96.60326375791615,18.895406171357795],[96.62237864116146,18.916611743637176],[96.63706014101277,18.894202159002468],[96.64238953424972,18.915417064445958],[96.66058040276344,18.908314316952243],[96.674556435731,18.924490123120727],[96.63581879330273,18.949764116820575],[96.62257584629839,18.932573064195587],[96.59967971764492,18.95155613560727],[96.58414887916751,18.937219976320904],[96.59152229202024,18.95977755968675],[96.56473532657411,18.978436439889798],[96.5733967556558,18.99307127122228],[96.55995660441381,19.02353561217883],[96.57220207556539,19.037871775062406],[96.51031204806267,19.090129694729704],[96.51316807814435,19.132970179230465],[96.49535987925513,19.130450151153585],[96.49189572131054,19.14490316474929],[96.55434603094463,19.173509628666515],[96.4946916559953,19.20988631779935],[96.46820566485961,19.296114017048257],[96.45190844931551,19.302819090628617],[96.46462962585656,19.328298371672567],[96.45747754515271,19.36338825956055],[96.40785999903979,19.4112177879706],[96.44022782255608,19.444686533656593],[96.41836461293657,19.445190162995715],[96.39160505343052,19.4738592143313],[96.50039002038321,19.489890655929084],[96.52766985927664,19.470411120976546],[96.57273290579903,19.476071969246064],[96.6121740033277,19.427468734294692],[96.65023883865155,19.50016561984754],[96.6679668207123,19.509060824997157],[96.68344675126657,19.471338054907314],[96.6853847003437,19.46955649433678]]]]},"properties":{"ST":"Kayin","ST_PCODE":"MMR003","ST_RG":"State","ST_MMR":"ကရင်ပြည်နယ်","PCode_V":9.4,"label_position":[97.61923829038965,17.335850671117537]}},{"type":"Feature","geometry":{"type":"MultiPolygon","coordinates":[[[[93.86341557327019,20.65004622625242],[93.92337626540241,20.63989504861762],[93.98973423364804,20.68224485491619],[94.04549195678845,20.688390617632926],[94.0853773787631,20.755113316726238],[94.04156026829179,20.807825957901688],[94.0392537797382,20.827593435089007],[94.06485931030896,20.856565479713137],[94.03134599692027,20.887225299108295],[94.00357850604327,20.960117578563423],[94.07736010708334,21.03457423771096],[94.0529754754379,21.06725836717993],[94.0951495946781,21.08269861155174],[94.12000071096412,21.16793020371597],[94.09439392583909,21.212993070374065],[94.10455978580552,21.272993972094188],[94.02447841404762,21.281151689099204],[94.00601875166409,21.29955975557828],[94.05767595388221,21.330969200368365],[94.04619183168772,21.355337026382706],[94.08811311462857,21.46128042705009],[94.07694150774444,21.481238628859682],[94.09890641360018,21.528185168710596],[94.0926300738189,21.547515828093022],[94.11936501708193,21.579148460333222],[94.10329744791893,21.63525761514689],[94.04216891866072,21.67153311256317],[94.00615007606524,21.72042992759913],[93.98118467843024,21.924370069323285],[94.01750445306811,21.995780751680403],[94.00647912001546,22.08093769831619],[94.04180342608731,22.155594491692504],[94.01836882656016,22.36647498583198],[94.05786399492747,22.436769326243446],[94.01769786216663,22.439669604768476],[94.04782217215556,22.451274176761896],[94.01657884114066,22.595431311705745],[94.04893462273469,22.60569700091588],[94.0078732013872,22.737134157215625],[94.07518687557395,22.7363941869422],[94.1152050482744,22.771055571257644],[94.11966870464704,22.734904656025098],[94.09735430066053,22.732226391334958],[94.11574752023192,22.72617531014248],[94.11654548508614,22.69853044092714],[94.17277820674889,22.688935834820988],[94.19442384878164,22.661711404957433],[94.24463349593913,22.565532811590067],[94.25454516342859,22.507947466402523],[94.27587552023914,22.488991469980434],[94.2810088037134,22.440343865177294],[94.26092668881567,22.39705154059618],[94.26762262798195,22.31493087875709],[94.24486231494393,22.295962317007355],[94.27074933871107,22.19041073206966],[94.29752786941572,22.13663099042793],[94.32528119956777,22.144239180293994],[94.36045531436133,22.116994591227463],[94.41668735703598,22.13663312721711],[94.43541128520269,22.0346316466332],[94.40846377638222,22.000874446098866],[94.42520044024822,21.963050051718543],[94.41416356979295,21.831693757960636],[94.45247470874087,21.823146672281155],[94.5052016374457,21.784137300595997],[94.54379820772121,21.7917537246547],[94.54888098526932,21.845394041701702],[94.5955742400592,21.833009820446932],[94.6110646648025,21.85934618867571],[94.6607072399472,21.872548890119223],[94.75439801535616,21.827489606360302],[94.85766035983777,21.864248279834268],[94.9053554791721,21.838873252698473],[94.99060237779754,21.82488434413722],[95.12035221887986,21.85582242456531],[95.163629352113,21.834503188771183],[95.16067563767058,21.811330981739445],[95.20636427688994,21.739534549579854],[95.2435054913854,21.7145747169497],[95.24297194519914,21.67454884425382],[95.29813546557932,21.653570250966354],[95.32164211878883,21.627489193071877],[95.34201666983353,21.575944499638975],[95.31988686428741,21.50414202043793],[95.33072747209525,21.476308537309198],[95.31900898837415,21.454334362141143],[95.27330514521636,21.45257560837768],[95.2750636138947,21.421812099848573],[95.17047418573516,21.317800117381577],[95.12477017260545,21.32570990658697],[95.01930072185088,21.275900357015924],[94.9929007301846,21.235753633423478],[94.85382622799808,21.197926391789604],[94.83089997655277,21.10369883443371],[94.83128356258639,20.94051643458584],[94.84998661928711,20.90838243660022],[94.87495582555094,20.90502337702731],[94.8807395086215,20.874491320717944],[94.94211875717497,20.858425238134263],[95.02241705620224,20.8646635293984],[95.03831128463817,20.846610045817002],[95.04069625073146,20.75051183295477],[95.010126092845,20.737108529635016],[95.01756747735726,20.662473269625767],[95.00040741806794,20.66620371592882],[94.99183048658772,20.64729118374118],[95.00057095708404,20.618444421872596],[95.0442330028509,20.59113116057467],[95.02909088193873,20.542675062803937],[95.07974567911988,20.592904190176288],[95.080007297299,20.614271161085234],[95.12466976239968,20.61818059495852],[95.17593475768297,20.645852041838342],[95.21933524012928,20.636531132705674],[95.27584324606904,20.68546590182996],[95.28304473912345,20.708974863599103],[95.30640927426867,20.71439348667013],[95.35020115965587,20.68383656320685],[95.36953544600408,20.6932735442387],[95.36445559574918,20.704808607631204],[95.39706056958964,20.698254844085856],[95.42835479144054,20.719226889409466],[95.44004471179409,20.770424377982696],[95.48275103093539,20.75379799258331],[95.54459943511591,20.77202017099417],[95.55210259316021,20.74546924970617],[95.58282336140908,20.73795972985771],[95.59852401976777,20.69849090533109],[95.58612627900466,20.629122594132458],[95.57018632723725,20.625285195955097],[95.57595618592929,20.586568810802014],[95.6129590055537,20.561254182134867],[95.66346457013384,20.557097619959222],[95.7121067466291,20.513730756869],[95.73017622465312,20.466771219116545],[95.72098731980903,20.441873550324154],[95.75546813104943,20.378799782084336],[95.7548296258866,20.363262806633262],[95.72379880197319,20.34881011229691],[95.7416140839229,20.276432573304643],[95.77036660133763,20.26472007187385],[95.79756330510254,20.1644230673707],[95.8341817122163,20.14400699462715],[95.80132846613589,20.093126413653117],[95.80353343022368,20.06199446817022],[95.77685807603945,20.048940568552446],[95.79388489806968,20.023684116129115],[95.76674943723681,19.982541554349314],[95.79543859201749,19.9479999759182],[95.78758801687356,19.908590103750317],[95.81053352370321,19.878343582190613],[95.81749248758831,19.816565251385274],[95.79753273624685,19.819077101027457],[95.78708850373152,19.77789610402204],[95.763551498403,19.75840575202385],[95.78059444887474,19.722991822214855],[95.76658804760034,19.679441504621757],[95.75169543189874,19.680284379820307],[95.7126800410511,19.62829994308794],[95.73484087770443,19.598424041136642],[95.72303350679094,19.56152600242314],[95.7428108549371,19.536435337321],[95.73011793059806,19.521971306130922],[95.81404688085894,19.433217556944765],[95.81449488712938,19.384833011034726],[95.85638335740609,19.319424276309366],[95.85772737262025,19.25916759840602],[95.84540723255785,19.24438343284919],[95.85550721178845,19.227417959871033],[95.82502300210992,19.20227095763865],[95.82642767839467,19.158487019560372],[95.704578101798,19.191425221896527],[95.67997142664008,19.168279729226214],[95.61634626696674,19.15398222819733],[95.50778379768418,19.185499028657347],[95.48875094609934,19.18810405705664],[95.47366913911954,19.166791862954156],[95.45407662593564,19.183393407280008],[95.42842574075542,19.180083217766335],[95.37877576239158,19.102326167218923],[95.35667583232386,19.088639367912563],[95.31635255832397,19.099106131143067],[95.27271711630192,19.06823956570345],[95.28192703110767,18.996701873892412],[95.25579999087695,18.998334575979918],[95.21380035360352,18.96417054733299],[95.1641066861747,18.95598815922622],[95.14269772591938,18.908145682377413],[95.16262642456994,18.88385094336641],[95.1372692363862,18.86606957035447],[95.08163011313928,18.864081422919362],[95.0573251182597,18.83204466233133],[95.01888718389648,18.895861097911418],[94.95818956479663,18.939272392007364],[94.92692741726655,18.928991178699963],[94.83352440422796,18.980909086285376],[94.68974145380508,18.963857246914472],[94.66763932399569,19.01020610722613],[94.68752759632157,19.036537439251447],[94.6547104841016,19.084527945408407],[94.58360066363981,19.155145540834095],[94.53619164203072,19.146066470191506],[94.50483395682168,19.18601408837952],[94.47892306055088,19.265503440031807],[94.53250152042888,19.291633916572046],[94.52721648355396,19.340570835975367],[94.4992611719656,19.39206681583095],[94.44672285807347,19.436172721993564],[94.43129281291307,19.478117491629014],[94.39494030115401,19.49888426219899],[94.34397116393814,19.563190711382276],[94.33930403595258,19.66854860213635],[94.28104771018371,19.82292786492907],[94.31392098506547,19.84873772956262],[94.29713625783211,19.923921200103337],[94.26913164271123,19.931231672104055],[94.23814986872152,19.97810153485802],[94.20504968499502,20.06204360532821],[94.21240416082344,20.105674359184377],[94.17176616457687,20.12594688124365],[94.16999540486411,20.16962563731335],[94.12926791258417,20.219797183793048],[94.12806853173743,20.27879530635835],[94.08116225363518,20.336077119563473],[94.07907435969399,20.37343351574419],[94.04364426636988,20.372261572313768],[93.98817978606832,20.49800300373568],[93.96953410341622,20.524811724681395],[93.94165583135158,20.530271360434995],[93.93976758960264,20.557321567336498],[93.8473219426536,20.556252886761328],[93.8610168952136,20.59529465292593],[93.84763658575987,20.63178584194311],[93.86054024014003,20.65000329711449],[93.86341557327019,20.65004622625242]]]]},"properties":{"ST":"Magway","ST_PCODE":"MMR009","ST_RG":"Region","ST_MMR":"မကွေးတိုင်းဒေသကြီး","PCode_V":9.4,"label_position":[94.86646596227403,20.539235323164064]}},{"type":"Feature","geometry":{"type":"MultiPolygon","coordinates":[[[[95.7369556487842,20.310846109860112],[95.72379880197319,20.34881011229691],[95.75631947156644,20.369435029203263],[95.72098731980903,20.441873550324154],[95.72810993422617,20.475921934249914],[95.67518043502912,20.548940659284025],[95.63483169043026,20.56860980909545],[95.6129590055537,20.561254182134867],[95.57595618592929,20.586568810802014],[95.57018632723725,20.625285195955097],[95.58612627900466,20.629122594132458],[95.59852401976777,20.69849090533109],[95.58282336140908,20.73795972985771],[95.55210259316021,20.74546924970617],[95.54459943511591,20.77202017099417],[95.48275103093539,20.75379799258331],[95.44004471179409,20.770424377982696],[95.42835479144054,20.719226889409466],[95.39706056958964,20.698254844085856],[95.36445559574918,20.704808607631204],[95.36953544600408,20.6932735442387],[95.35020115965587,20.68383656320685],[95.30640927426867,20.71439348667013],[95.28304473912345,20.708974863599103],[95.27584324606904,20.68546590182996],[95.21933524012928,20.636531132705674],[95.17593475768297,20.645852041838342],[95.12466976239968,20.61818059495852],[95.080007297299,20.614271161085234],[95.07974567911988,20.592904190176288],[95.02558541003873,20.544768153027924],[95.0442330028509,20.59113116057467],[95.00057095708404,20.618444421872596],[94.99183048658772,20.64729118374118],[95.00040741806794,20.66620371592882],[95.01756747735726,20.662473269625767],[95.010126092845,20.737108529635016],[95.04069625073146,20.75051183295477],[95.03831128463817,20.846610045817002],[95.02241705620224,20.8646635293984],[94.94211875717497,20.858425238134263],[94.8807395086215,20.874491320717944],[94.87495582555094,20.90502337702731],[94.84608635670008,20.912645349903023],[94.83128356258639,20.94051643458584],[94.83089997655277,21.10369883443371],[94.8563365505914,21.200939027114487],[94.9929007301846,21.235753633423478],[95.01930072185088,21.275900357015924],[95.12477017260545,21.32570990658697],[95.17047418573516,21.317800117381577],[95.2750636138947,21.421812099848573],[95.27330514521636,21.45257560837768],[95.31900898837415,21.454334362141143],[95.36926043062445,21.702760698247676],[95.4207665881076,21.75601760462883],[95.40303646386178,21.790586274237228],[95.43155222575467,21.799571744340593],[95.50381192478056,21.89601448927733],[95.5877657260075,21.921616084414833],[95.711660279998,21.929849640348664],[95.87230820595899,21.900119395293938],[95.92718711609257,21.851484937679793],[95.9999716972361,21.88169369221019],[96.02421971736612,21.969409987980615],[96.02253537890464,22.04599572732099],[95.99413789314929,22.11082401981269],[95.97903665901465,22.285610583361798],[96.00975900827166,22.296382112444576],[96.01014916295357,22.318258400904543],[95.96409797733986,22.379007338917624],[95.95782845981564,22.415538141272243],[95.96078016607187,22.475115170928458],[95.99567604141625,22.527681351213467],[95.90466500108899,22.673131938788003],[95.9001106435914,22.7106158021776],[95.96706068140539,22.74531765508579],[95.97456921379825,23.0837888520739],[95.99503095591393,23.10890221156785],[95.98022061109235,23.159309353443962],[95.9591743294318,23.166064948238834],[95.95787517689797,23.252328716597052],[95.93066950959026,23.274637264198418],[95.95021258164535,23.331121308601542],[95.902872001142,23.377076950241136],[95.92318778778622,23.435985662208616],[95.96683933396817,23.460582960135515],[95.97010223443061,23.532949421278836],[96.00993873868191,23.511802072008095],[96.04100349581472,23.613040586653828],[96.08382592642545,23.624117680186828],[96.0933872863942,23.643513848885046],[96.08079502856776,23.657617178190257],[96.1180681088562,23.68380907303038],[96.1364573786052,23.680100186174684],[96.12134209616083,23.63772141001511],[96.1421605849431,23.619237252797003],[96.14451184984205,23.56896768740886],[96.1691926741027,23.59364851256886],[96.21132442358333,23.600663860348906],[96.22812443389557,23.57727857784414],[96.25053865363599,23.57576750636537],[96.27370840461923,23.61455165903192],[96.26652330080977,23.625776198213046],[96.31548471684626,23.642068876677357],[96.36407985879852,23.616299096626044],[96.39255802003665,23.5695898599841],[96.3099727738245,23.49817836194189],[96.31721273088289,23.476640571105516],[96.29237932494594,23.45725054567617],[96.30360390009997,23.428225908698774],[96.2467285831576,23.402410512335326],[96.22761901310702,23.36814285570829],[96.23369024720724,23.339654947617813],[96.21478254437896,23.331802443428025],[96.19033251943029,23.35661880541358],[96.17020938105816,23.34571163608319],[96.16743908604502,23.31750498107004],[96.19841603607127,23.298364750432935],[96.15216636738398,23.127729416079728],[96.19410125796674,23.090742012633832],[96.19658829801159,23.03858724430592],[96.24712272723212,23.0109806052708],[96.33532489342917,23.004247756129065],[96.45470996609214,23.033502410008285],[96.4704093150379,23.02264411073719],[96.51517295656676,23.053216932415523],[96.54406912808786,23.02027321273864],[96.62392235083587,22.979600779652284],[96.67988406989396,22.985456151280403],[96.71637531376977,22.944265286014176],[96.64026037941306,22.824067797291022],[96.60877036975683,22.81559381210479],[96.53970907181629,22.83028207575723],[96.45756232873856,22.78481135306157],[96.39503212603182,22.806495592197845],[96.39237203843891,22.791896399199523],[96.38176517072613,22.801526870268884],[96.35573733381096,22.778108397384706],[96.28670436901149,22.780102669202844],[96.27282323070762,22.793201108644322],[96.20438181926562,22.745784183793077],[96.22384065092537,22.711339813981287],[96.21824903156761,22.692775637785516],[96.24173383035209,22.70038023935659],[96.239900520093,22.639295663564102],[96.29765001763431,22.573115000257136],[96.28959808788153,22.52882938077136],[96.3314495177811,22.503961505619028],[96.32447735994225,22.37533323514071],[96.40931486019271,22.36402700514226],[96.4726201238197,22.256334408706042],[96.48008727660658,22.160145658395486],[96.49470003767664,22.142848918342956],[96.54798808668092,22.1395672751097],[96.5584257748297,22.110341746674305],[96.63853619109238,22.111299390654388],[96.65578273998155,22.08947179778528],[96.71610362498234,22.09011542278858],[96.75386615769708,22.07091274322857],[96.75467094570763,22.00699436409865],[96.8569618560049,21.869218945198224],[96.84369468036529,21.846334458268714],[96.87567682782338,21.82303407086573],[96.89598273541498,21.742845526000274],[96.84921073868469,21.74135017377153],[96.80700504334811,21.774346991220742],[96.80672264093721,21.744752883738666],[96.76637045283417,21.715825905940843],[96.737882551039,21.70459159292773],[96.70401549471939,21.72571380165067],[96.68306449173298,21.711452281597595],[96.58087989119406,21.595266633448436],[96.54461623335254,21.59894600455454],[96.46566200259939,21.556283955440215],[96.33285627509707,21.546678032265447],[96.32056796923645,21.535464952245775],[96.34124918100497,21.487622980815956],[96.3202607590269,21.480167568678375],[96.32978595275956,21.471982709234688],[96.31780309983327,21.462503129116154],[96.28708233158439,21.463271149244186],[96.3057115431533,21.371038252213626],[96.29062754722361,21.357055988742957],[96.31318853991924,21.35101105081941],[96.3363673560687,21.240681169100693],[96.36542320221905,21.21544824204278],[96.37744185355875,21.175742573860763],[96.36279868461166,21.15959707034859],[96.29356308456875,21.173436821851908],[96.2323946254117,21.151044798278864],[96.2176800350057,21.12889293775891],[96.23198482144244,21.095094496114136],[96.2036073330121,21.071012256110805],[96.20672287056409,21.0438454377168],[96.21832846958324,21.00524693929487],[96.24401645359654,21.00177939270485],[96.24575603381398,20.980333045833444],[96.2675415536998,20.96877481500575],[96.38910104317863,20.929471930685096],[96.42772181510976,20.942996932062844],[96.43383990119055,20.91806983925175],[96.46786279473223,20.90268501110444],[96.50748325934501,20.921381922737563],[96.52295107693074,20.886804564778902],[96.54974158570565,20.893274013285133],[96.5735493813989,20.871394786740048],[96.5639255509235,20.782562014125695],[96.47862018827112,20.769296445574522],[96.48313331634957,20.75367546085392],[96.45501487133932,20.730665195642302],[96.46069128687344,20.703424414305353],[96.4392727182614,20.69248153829238],[96.47228798080573,20.62394151978538],[96.51327690960176,20.601949482282812],[96.51698492861162,20.57926379229025],[96.55284488258532,20.597505985113173],[96.54358853038646,20.512494900419355],[96.49241036914329,20.508291283915685],[96.49510733343675,20.479475095399373],[96.47346659810509,20.470582998306774],[96.46125221291935,20.426733016715378],[96.47458457681684,20.36964606861125],[96.50028401189769,20.338010511775742],[96.49468807759274,20.31952099190034],[96.5467891590925,20.22185705665788],[96.50475889540681,20.19306886583552],[96.40746561664497,20.277908706121924],[96.29686456594702,20.331037674948796],[96.26512877517291,20.308620232937475],[96.20537669967501,20.29845652325003],[96.17799033428656,20.25044861431217],[96.13195585537846,20.280960491633433],[96.09155799880267,20.287167664556137],[96.07856389240978,20.273423501093767],[96.07288907766882,20.29022085300999],[96.05237784406232,20.280252379843493],[95.98320438177683,20.298221943188203],[95.94723336512777,20.259935685783322],[95.94412038614693,20.212860899011318],[95.86314858124213,20.235264896158068],[95.81915378272096,20.308099108187317],[95.79189240870778,20.292065831073273],[95.74013180423943,20.310427348643255],[95.7369556487842,20.310846109860112]]]]},"properties":{"ST":"Mandalay","ST_PCODE":"MMR010","ST_RG":"Region","ST_MMR":"မန္တလေးတိုင်းဒေသကြီး","PCode_V":9.4,"label_position":[96.17058345667695,21.851818158664923]}},{"type":"Feature","geometry":{"type":"MultiPolygon","coordinates":[[[[97.73689154650768,15.065733455434657],[97.72617516475218,15.064729624972259],[97.74001266705102,15.097917938661961],[97.73840243182684,15.068347569684612],[97.73689154650768,15.065733455434657]]],[[[97.73591636304978,15.19291946426192],[97.73479970004611,15.210240073220834],[97.73516480770977,15.19490690662851],[97.73591636304978,15.19291946426192]]],[[[97.71264013773221,15.301952355416923],[97.71253030982596,15.301242193172712],[97.71168610003359,15.300857201498705],[97.71114435652692,15.300913486468279],[97.71049340654552,15.301593957595102],[97.71006712519771,15.301507463498684],[97.70857968160709,15.298426387967531],[97.70805088294198,15.298415135650053],[97.70695211464847,15.299565816409352],[97.70560125199624,15.300043791687731],[97.7049435526029,15.30027650205897],[97.70392740952236,15.301052380463073],[97.70363523957467,15.303635299029835],[97.70260017655697,15.304751272253444],[97.70135939452057,15.30739457130251],[97.70132126056777,15.308049952243582],[97.70164780170475,15.308599095372063],[97.70229699351145,15.308581577477906],[97.70293355254148,15.307578287508047],[97.70381542773985,15.307069652542435],[97.70569601356026,15.30427935390913],[97.70865005265786,15.303017007928673],[97.70902437567445,15.302857049113591],[97.71264013773221,15.301952355416923]]],[[[97.65373368306308,15.578695844437703],[97.65501061514786,15.49704134708055],[97.64315059432457,15.588852437789832],[97.65101405225674,15.581764367231784],[97.65373368306308,15.578695844437703]]],[[[97.63050868672657,16.27500604519286],[97.62638276265439,16.292331282962355],[97.63013580352457,16.278256593467052],[97.63050868672657,16.27500604519286]]],[[[97.57216379752126,16.289978996433593],[97.57090128066957,16.2881569205055],[97.57056335861222,16.28838589958964],[97.57028380255551,16.289865685453083],[97.57028887203386,16.29361351924857],[97.57055496883676,16.294500713037493],[97.57135399758899,16.297164763043423],[97.57195492458018,16.297832706614187],[97.57236970359905,16.298293740463773],[97.57311503383187,16.297259646015924],[97.57346774793824,16.29588017862734],[97.57320965869883,16.292625635564647],[97.57216379752126,16.289978996433593]]],[[[97.62344128258918,16.282711077654163],[97.61321800810461,16.31265953061288],[97.62374274613096,16.28640102838482],[97.62344128258918,16.282711077654163]]],[[[97.62997626559228,16.30086645262477],[97.61787092860054,16.315624237468626],[97.62981504772628,16.304351033273598],[97.62997626559228,16.30086645262477]]],[[[97.63091481246867,16.317513142017933],[97.6320947508721,16.314204480452496],[97.63033977516059,16.315623213140803],[97.63015408584245,16.315773326178093],[97.62713403650659,16.3201735254879],[97.62707628294422,16.320706771300472],[97.62702148455394,16.321212710997898],[97.62732269178883,16.32175667223271],[97.62795763383781,16.32184053221478],[97.62863280615915,16.321160129436482],[97.62894997995767,16.32065323735706],[97.63076825984743,16.31774735695498],[97.63091481246867,16.317513142017933]]],[[[97.6076552974541,16.19909469126702],[97.58778047808669,16.180605135418688],[97.57100217650934,16.284871903016004],[97.59099240407622,16.33744703155536],[97.60869640751325,16.20170359304643],[97.6076552974541,16.19909469126702]]],[[[97.62511606305594,16.31661276506707],[97.6091292125432,16.340734410664556],[97.6252988295774,16.317353245256147],[97.62511606305594,16.31661276506707]]],[[[97.61431900761617,16.341428740344174],[97.61366786877716,16.341281332467602],[97.61274789200168,16.341561344480557],[97.61137692500513,16.342215170493798],[97.61109888250748,16.34234777013351],[97.60980771505399,16.343484875626565],[97.60954140061523,16.34438570853368],[97.60999368585995,16.346694797027247],[97.61032323253123,16.346791725058093],[97.6107717190396,16.34692363491784],[97.61168328355681,16.34620504602607],[97.61304907765286,16.34371047146111],[97.6143177908335,16.342267957999898],[97.61431900761617,16.341428740344174]]],[[[97.6014945862062,16.3546485361011],[97.59984770181006,16.34171231637039],[97.60146107386947,16.359605690050557],[97.6014945862062,16.3546485361011]]],[[[97.61760040353587,16.38477377149242],[97.61512366252705,16.38262223342942],[97.61475422192983,16.382634911172275],[97.61462164657176,16.382872441909754],[97.61453901596283,16.383020490103636],[97.61427575112508,16.386040979207802],[97.61426329551466,16.389118430471225],[97.61426258864756,16.389293162449533],[97.61453698709234,16.391129558282532],[97.6150505557386,16.393049855466554],[97.61603053258308,16.395068521395192],[97.61672443508468,16.39581044769408],[97.61737796971758,16.395951612476964],[97.61787049153007,16.395649385410834],[97.61862964254402,16.39413361947096],[97.61894132957879,16.392267452481043],[97.61899649399307,16.388871185257056],[97.61871293775191,16.38687051746047],[97.61760040353587,16.38477377149242]]],[[[97.62195936982913,16.391351651257743],[97.62167483512559,16.390729570413395],[97.62039618443634,16.392387114473802],[97.62028845554788,16.39275828356793],[97.62003712291495,16.39362420749125],[97.61996490195871,16.39474254413321],[97.61975164212465,16.39804486367956],[97.6203281336365,16.39939885147584],[97.62073536014876,16.399188257232286],[97.62114783960122,16.398385685151315],[97.62139557764382,16.39790365662853],[97.62185658451384,16.39621674160939],[97.6221496205087,16.39395006334484],[97.62206031782948,16.392730379403528],[97.62195936982913,16.391351651257743]]],[[[97.59179726942854,16.389156404344604],[97.58897403852117,16.402924588698816],[97.59169398588885,16.391593822496983],[97.59179726942854,16.389156404344604]]],[[[97.61404146514157,16.39694624647213],[97.61132209513862,16.40886456944431],[97.61442717267602,16.397989780204266],[97.61404146514157,16.39694624647213]]],[[[97.60421500751664,16.3728414631631],[97.60487414762385,16.409328312052004],[97.6049401434729,16.373948067249597],[97.60421500751664,16.3728414631631]]],[[[97.60967119257153,16.409693886463725],[97.6088660007654,16.4072067393996],[97.60756246943248,16.40871807168177],[97.60646792615398,16.41087590320039],[97.60604053953935,16.411718469032163],[97.6058180634529,16.412939274428048],[97.60602614858799,16.414404076686825],[97.60658858459553,16.41540605004924],[97.6072043809775,16.41508057550823],[97.60944496361427,16.41125500431498],[97.60947698757295,16.41103402200262],[97.60967119257153,16.409693886463725]]],[[[97.60015697506444,16.433547073638607],[97.60576750086955,16.45084740468404],[97.60035301108262,16.43382606222302],[97.60015697506444,16.433547073638607]]],[[[97.58999106653452,16.498843255511883],[97.57390753890188,16.498272351487827],[97.59006053106874,16.49913065815339],[97.58999106653452,16.498843255511883]]],[[[97.569698836732,16.498509893916577],[97.55533141701139,16.50569632242743],[97.56925772916091,16.499346808408507],[97.569698836732,16.498509893916577]]],[[[97.5947353239761,16.50459597942094],[97.59290095341638,16.504187179994364],[97.58850635958088,16.505136627553426],[97.58729831376621,16.506058955156696],[97.5872735185581,16.506093024173726],[97.58691746257092,16.506926548221642],[97.58758391146841,16.507392841306586],[97.58946245312984,16.507611272242414],[97.59124278792436,16.508450377482994],[97.59269511478774,16.508689674488938],[97.59340307908889,16.50852193743749],[97.59376051553546,16.5084372473811],[97.59451598652363,16.507094509204276],[97.59491541411516,16.50638458797838],[97.59510377172174,16.505047921124646],[97.5947353239761,16.50459597942094]]],[[[97.57599054772571,16.505814528417847],[97.57632798414922,16.505187768400805],[97.5700924034417,16.506338266597783],[97.56827844299576,16.50741586844758],[97.5680217477055,16.507773952405977],[97.56714250842012,16.50900046400031],[97.56974890468827,16.50893748447738],[97.5705459234557,16.508697555248006],[97.57239154813153,16.508141966678455],[97.57599054772571,16.505814528417847]]],[[[97.57951381001438,16.499812787630116],[97.55682248397054,16.511250730536883],[97.58129177149812,16.50030844627784],[97.57951381001438,16.499812787630116]]],[[[97.52269400912124,16.501609373174094],[97.56622820276938,16.486311400650674],[97.60489982686552,16.491865887001186],[97.61173547211438,16.47028562028517],[97.57780917925028,16.402012232778315],[97.58741294135426,16.366131969414862],[97.55531300609043,16.28901501942764],[97.55692441043327,16.19600371959605],[97.53760132514107,16.19053894691492],[97.48980771475433,16.2283617288108],[97.4783611005844,16.291175224257234],[97.45657275143141,16.31191812682012],[97.47367027456353,16.36013395271981],[97.43864715863951,16.458640756865503],[97.46779787157459,16.503001878933595],[97.51939139369789,16.50179051821786],[97.52269400912124,16.501609373174094]]],[[[97.59050447150426,16.50981995142969],[97.59030830688292,16.50919884545042],[97.58932643156969,16.509380330437903],[97.58879706363362,16.508845777011047],[97.58713161543179,16.509030948319644],[97.58591294052981,16.50970063207849],[97.58510672979182,16.510143660601514],[97.58480509358026,16.51111548599092],[97.58533704976504,16.51163745340581],[97.5882409795377,16.512442632621468],[97.58870225350623,16.51244492948994],[97.59052800856084,16.512454023434472],[97.59136808956569,16.51210435713047],[97.59173912286231,16.511369861030264],[97.5917903176691,16.510113848075644],[97.59092940656696,16.509885347430927],[97.59050447150426,16.50981995142969]]],[[[97.63950538666431,16.51036644155804],[97.63851737977335,16.50926780726357],[97.63754081765462,16.508909225080778],[97.63577842703282,16.50952352858804],[97.63570510890375,16.509455133347814],[97.6354217208358,16.509190778531643],[97.63411753659511,16.50990918306244],[97.63393959763438,16.50994178348658],[97.63328742997096,16.510061265614947],[97.63113593957196,16.51090049945861],[97.63046073757303,16.511411666914974],[97.630395568201,16.511693487464537],[97.63031959347448,16.51202202059981],[97.63100242442245,16.513250352421935],[97.6318166040531,16.513392456096984],[97.63236440719169,16.513488068419665],[97.63286018365068,16.51357460028756],[97.63565635665564,16.512907028136933],[97.63861656150515,16.511808397439673],[97.63941001895734,16.51093101525419],[97.63950538666431,16.51036644155804]]],[[[97.48127431405841,16.51541711960441],[97.45998091398803,16.509504237230818],[97.48129810652249,16.51589301025423],[97.48127431405841,16.51541711960441]]],[[[97.5617775065268,16.513162294404435],[97.56182396460436,16.512683697694616],[97.55930471174311,16.513128840523613],[97.55834720356059,16.513298027282172],[97.55823586389413,16.513317702649907],[97.55706632255284,16.513823310497497],[97.55693901452392,16.513996688995988],[97.5564958169285,16.51460026449064],[97.55623978443853,16.5149489433391],[97.55611949112162,16.516122796030327],[97.5566326092076,16.516360643329072],[97.55889923890878,16.515404258399865],[97.55902763511737,16.51530424659374],[97.56092512999086,16.51382623419336],[97.5617775065268,16.513162294404435]]],[[[97.60690782773412,16.510849449442574],[97.59518697160154,16.51957724309535],[97.60747906900387,16.511211222420016],[97.60690782773412,16.510849449442574]]],[[[97.6420001986503,16.519521714455617],[97.64318275408094,16.518274307113664],[97.64349937479636,16.517499923382836],[97.64196586613186,16.51632118197702],[97.64089121855498,16.515811555958567],[97.64031329352368,16.515537488464357],[97.63937568553945,16.515092850154986],[97.63871486010277,16.514921991556694],[97.63837242164998,16.51483345240193],[97.63722930958505,16.51495203251033],[97.63653373704238,16.51502418511813],[97.63478660611703,16.51557350361433],[97.63379859742741,16.516057968400574],[97.63348960656012,16.516534805137248],[97.63380241415017,16.517160417619245],[97.63439930768193,16.517624219582125],[97.63512444453755,16.51861792547694],[97.63566907306934,16.518573093373575],[97.63728523212784,16.51947593716486],[97.6384334568387,16.519742967464065],[97.64077568085308,16.519765854310794],[97.6420001986503,16.519521714455617]]],[[[97.61220612061597,16.518819438366425],[97.61148913611478,16.518634883992775],[97.61075128554347,16.518853078406867],[97.60830338309472,16.519576964305468],[97.60754831770079,16.52009485599287],[97.60734029282035,16.520703022526536],[97.6094280977286,16.52092914446451],[97.61080787088663,16.520474036247798],[97.612008133069,16.519421463429914],[97.61226595700843,16.519195362176283],[97.61220612061597,16.518819438366425]]],[[[97.43274861685525,16.52165319763704],[97.44199814140119,16.51767932464113],[97.41081032823413,16.49568104494435],[97.43019067515955,16.521079511110578],[97.43274861685525,16.52165319763704]]],[[[97.55562455552894,16.522325375215882],[97.55480712215106,16.5109378213235],[97.52604474456938,16.515986897677223],[97.55526689155388,16.52269202161952],[97.55562455552894,16.522325375215882]]],[[[97.61021203405822,16.513140650420763],[97.59912199658295,16.52262658604816],[97.61124335859422,16.514130240118593],[97.61021203405822,16.513140650420763]]],[[[97.58506315584,16.505570792358245],[97.5559540671265,16.524104000399372],[97.58373464583728,16.506846241460934],[97.58506315584,16.505570792358245]]],[[[97.80485194206351,16.51219855661815],[97.82103606516233,16.524053246260348],[97.80527687352898,16.512226073174737],[97.80485194206351,16.51219855661815]]],[[[97.53388580848326,16.524586024425577],[97.5349977824218,16.524496288273113],[97.5371809037757,16.524610170323125],[97.53936835446606,16.524724279002342],[97.54004976448515,16.52445254434952],[97.53958173390996,16.524059050484826],[97.53855365502723,16.523774583230452],[97.53792085786135,16.523599491523363],[97.53593388853815,16.523569887640196],[97.53279212945334,16.523523077028454],[97.53034731167917,16.52380281924478],[97.52969914420018,16.524276598286377],[97.531808156921,16.5247536859339],[97.53388580848326,16.524586024425577]]],[[[97.64193298511928,16.508056815269864],[97.65439796459447,16.52507209809889],[97.64288520798597,16.50833702243569],[97.64193298511928,16.508056815269864]]],[[[97.64817619297699,16.525865556450267],[97.63025093113556,16.520502091498365],[97.64826011681102,16.526617051535805],[97.64817619297699,16.525865556450267]]],[[[97.59738644892553,16.522103424333675],[97.59589320200973,16.521427314918732],[97.59440369357571,16.52188817340051],[97.5935983920522,16.522594820194833],[97.59309311785319,16.523340974206654],[97.59103614350332,16.526378572912822],[97.59047999555544,16.52719985538907],[97.5907528930317,16.527856150041295],[97.5934769889719,16.528611016685154],[97.59493813458734,16.5286873934085],[97.59590767479945,16.52832906933107],[97.5981422274818,16.528143474441833],[97.60015147211284,16.52689386825744],[97.60111984410557,16.525345503692076],[97.60107806520061,16.52467791805153],[97.598947287987,16.523721737268446],[97.59738644892553,16.522103424333675]]],[[[97.58539880351205,16.51258166691044],[97.55996222857405,16.527995434341832],[97.58993960912571,16.513826089402514],[97.58539880351205,16.51258166691044]]],[[[97.63150215160306,16.524751663358636],[97.6294422148864,16.523870468047694],[97.62910651955033,16.524045945564033],[97.62919523856948,16.52468409549462],[97.62932395853386,16.5256099700242],[97.62936373914529,16.525688881936404],[97.6302623750087,16.5274715423778],[97.63089634399117,16.528149972043668],[97.63096622760935,16.528224756067708],[97.63173103356046,16.529043198484924],[97.6331195832022,16.529958725414836],[97.6344203949853,16.5304126744055],[97.63540840187626,16.53022193899137],[97.63553810120247,16.52967262229373],[97.63496589675883,16.528635024986457],[97.63283729590458,16.526678084925702],[97.63276963451112,16.52658045902101],[97.63226411659576,16.525851071969452],[97.63150215160306,16.524751663358636]]],[[[97.65041923346092,16.52950859044918],[97.65013313303776,16.52949714747541],[97.64999961878743,16.529752731203637],[97.65027195958329,16.531878420952392],[97.65029334995819,16.532045366600453],[97.65062904079758,16.532374409651304],[97.65067863481119,16.532423021605233],[97.65074961650167,16.53232401793908],[97.65096855195722,16.532018661232225],[97.65096161458689,16.531324884635787],[97.65095329315997,16.530492782416037],[97.65041923346092,16.52950859044918]]],[[[97.64813423150963,16.528116227681785],[97.63299751282503,16.525167464906673],[97.64893521988455,16.52876582508281],[97.64813423150963,16.528116227681785]]],[[[97.64122962984366,16.530572891325942],[97.63947868309482,16.53027153030696],[97.63750267021217,16.530500412264256],[97.63706398001867,16.531042099113588],[97.63735008044193,16.5319004075778],[97.63869861474934,16.532497550221844],[97.63968467550747,16.532934189061596],[97.64021841864523,16.532988776111143],[97.640892198816,16.533057687562266],[97.64169883763131,16.533140182373604],[97.64264869707982,16.532873155671698],[97.64323615852199,16.532369614466166],[97.64298057569303,16.531583785963008],[97.6428772795629,16.531524149220175],[97.64122962984366,16.530572891325942]]],[[[97.7349308391869,16.561773408316224],[97.76176163579085,16.526028229419317],[97.79682260957581,16.510487540667537],[97.85018715041674,16.545431041409472],[97.85665635970332,16.480331427953118],[97.90197820233229,16.45841756941538],[97.91593720303953,16.42719441199255],[97.96140086335917,16.420969359648282],[97.98027915385988,16.435053161973897],[97.99480709806922,16.334483111606332],[98.04398316609027,16.314524127386573],[98.07879233599758,16.274509364915332],[98.07846749278063,16.246531167379516],[98.12818409202227,16.19730471394146],[98.12510824425014,16.157485815717884],[98.07696586058604,16.13642180392317],[98.07667243788275,16.122044022213874],[98.04466405270394,16.125959086742533],[98.03031931298601,16.147452239729162],[97.9519117153534,16.158880776626535],[97.94787765433031,16.14388081514758],[97.9084416694476,16.13232534793648],[97.87186237295019,16.14463768188353],[97.81417629919694,16.126993274719922],[97.8668741636118,16.027268016905513],[97.84428050304287,16.011716538987105],[97.8335463264019,15.974749382877715],[97.85014162403674,15.93021568360696],[97.83342381086027,15.91400629405529],[97.83371723356356,15.865591306993284],[97.88425633925864,15.73980150823305],[97.86331583855515,15.703017804827887],[97.86780875796784,15.678681144819059],[97.90105580817905,15.674348820042091],[97.92228542922923,15.637121624063774],[97.94772381540187,15.645558147990165],[97.94818993132027,15.608877060827794],[98.03808556499692,15.513450460770159],[98.13403424038792,15.3352441244169],[98.1842199044251,15.308593088800112],[98.21433130464608,15.181050339601562],[98.18229559086888,15.110475577985557],[98.1941098676763,15.077462365895563],[98.21176576817571,15.076547410034976],[98.23501895556038,15.043722712932869],[98.2130175785985,15.02050647419447],[98.20818751324326,14.981942203070261],[98.18350207905769,14.969756857892754],[98.08027630190986,15.004079789550659],[98.0181112707186,15.103377025829076],[97.96093401269455,15.083501388078687],[97.93885642178648,15.056204211155485],[97.92165767815935,15.076341590292216],[97.88347989158378,15.080638195796134],[97.86755803507535,14.936725254666857],[97.83565173643852,14.929678198590043],[97.83294029126142,14.880330939221484],[97.79797663041728,14.887678810428792],[97.78891445983454,14.905725731657235],[97.80887258160445,14.96713482331343],[97.76999672776692,15.018463754998365],[97.79647712781724,15.034061395117323],[97.78164371178798,15.068322339204684],[97.79546193891744,15.071348077651677],[97.80504537994042,15.106631395322697],[97.78529246277706,15.178412455370601],[97.8013093299617,15.204436560998577],[97.78941559355484,15.192532373570241],[97.75809589211175,15.206595893485794],[97.73537084688714,15.244029314801097],[97.73969607601319,15.298006953158424],[97.71975972143409,15.327538090110767],[97.74401664755035,15.394002914003377],[97.7633029964362,15.37808641745427],[97.75835559923156,15.38938889817921],[97.77986930532425,15.398814845428785],[97.7746322805554,15.440215788727748],[97.73278079309925,15.493776414150226],[97.76042445362567,15.53377368840508],[97.72614049768589,15.611721837692713],[97.72915500270128,15.655139702235562],[97.69752745882523,15.757545006297033],[97.71832868332207,15.779413194563382],[97.71562285531056,15.857612217829583],[97.69771975456305,15.855801356447493],[97.70741856241679,15.867387692887721],[97.68871348224154,15.894774504339967],[97.60806690816132,15.952567011958049],[97.58515523382701,16.008400606402947],[97.57003068386915,16.011189625301],[97.55852784858158,16.07927387369051],[97.59295972231332,16.092413117171652],[97.58274371255243,16.099559389154535],[97.64021086613862,16.224394524287863],[97.63659671566603,16.310772940019177],[97.61076426276064,16.36047452238135],[97.6294820440611,16.39178834945286],[97.61120779760185,16.43354692525046],[97.61843300757741,16.49873781539791],[97.64793733843756,16.503624524552215],[97.6745967863127,16.55640220559736],[97.73468518307483,16.561849387539315],[97.7349308391869,16.561773408316224]]],[[[97.68191465703588,16.563832528448494],[97.68174934365733,16.563749313280226],[97.67950630047547,16.564340591445234],[97.678911209185,16.564634324414648],[97.67883873012332,16.564901352015834],[97.67938041697273,16.56519126916177],[97.68002179457025,16.565308284449806],[97.68216133118054,16.56569862349276],[97.6838054645506,16.56571769721394],[97.68442726120921,16.565462113485804],[97.68400764473706,16.564886093218675],[97.68191465703588,16.563832528448494]]],[[[97.67761056197791,16.56577314311612],[97.67700004551573,16.565752031531108],[97.6765537245748,16.56626701391158],[97.67682838472223,16.567159653095572],[97.67779725763738,16.567861001983694],[97.6778507214337,16.567899704307973],[97.67802565755812,16.56795692007583],[97.67886543279353,16.568231582921275],[97.68067359890752,16.56848335442332],[97.68087446608384,16.568481772515828],[97.6830959318319,16.568464280702052],[97.68589210483685,16.567728044413762],[97.68639182842017,16.56739616400181],[97.68607139457929,16.56704902749063],[97.68314170642472,16.566324234176108],[97.67964744457402,16.565843583414694],[97.67761056197791,16.56577314311612]]],[[[97.62228196743891,16.54081597337854],[97.61871910080589,16.571626663040092],[97.62913322491848,16.569406509402892],[97.62248420698064,16.540975572464752],[97.62228196743891,16.54081597337854]]],[[[97.71262550396396,16.566350937745685],[97.69351768489332,16.567083359109777],[97.71506690971016,16.56704521256652],[97.71262550396396,16.566350937745685]]],[[[97.65712897092531,16.566530236481277],[97.65693092312361,16.5660877223705],[97.65689917615614,16.566102916416522],[97.65639686612249,16.566343309696027],[97.65498198253256,16.568228838190432],[97.65456199553974,16.568788529467135],[97.65425600391151,16.570030714446013],[97.65424156169875,16.570089340350854],[97.6540012358684,16.57349967926683],[97.65482521091482,16.573232652564926],[97.65563392446606,16.572134018270365],[97.65705299350088,16.567708970692493],[97.65717506387816,16.56663322414403],[97.65712897092531,16.566530236481277]]],[[[97.65540885743287,16.575098038044075],[97.65522318250393,16.574188608517545],[97.65477943452335,16.574300767466518],[97.65410804654915,16.575292587482945],[97.65384622242526,16.57690530753396],[97.65374946616501,16.577501297247096],[97.6542301178258,16.577699663408815],[97.65466499309501,16.577142715064305],[97.65534614950522,16.575270408402684],[97.65540885743287,16.575098038044075]]],[[[97.65271530246928,16.570100409206553],[97.6568546291379,16.5449047086854],[97.62669944722177,16.531305312690034],[97.64984703081583,16.59897422807822],[97.6524143218635,16.573614122493815],[97.65271530246928,16.570100409206553]]],[[[97.69918942305353,16.601960459307804],[97.69783592268973,16.573415756332096],[97.66241264352875,16.557481766170564],[97.65349502727382,16.592962023678556],[97.6980829736504,16.60295983183085],[97.69918942305353,16.601960459307804]]],[[[97.64271241674474,16.590817275496924],[97.64327049283897,16.605764389215313],[97.64341163603824,16.59151649658915],[97.64271241674474,16.590817275496924]]],[[[97.64630563459743,16.609532461354068],[97.6484787761746,16.607427416442174],[97.65076305866835,16.605856973520602],[97.65133412906687,16.60442929527582],[97.65133412906687,16.603073003416377],[97.65093695247845,16.60166082498707],[97.65089988692027,16.601667404427264],[97.64984321589172,16.602579116433066],[97.64830207647964,16.606302261140534],[97.64630563459743,16.609532461354068]]],[[[97.62721443050161,16.575525283465073],[97.61176872274845,16.58746147146982],[97.62384223902816,16.61979866047981],[97.62999916053289,16.57650184648308],[97.62721443050161,16.575525283465073]]],[[[97.64630563459743,16.609532461354068],[97.63165832337297,16.622653770555104],[97.6462658755698,16.611139375381953],[97.64630563459743,16.609532461354068]]],[[[97.40693818385016,17.70524656008073],[97.35932352595998,17.636823087415618],[97.39864039024194,17.556579894346655],[97.43933679295867,17.532361318020392],[97.42501242108638,17.47001083942877],[97.44152228042896,17.44754570277197],[97.44267344502354,17.390442064149955],[97.47504601156422,17.36179335278106],[97.46738495595103,17.35117338644264],[97.49319255968899,17.33538990591955],[97.48531691234572,17.319029592141963],[97.50353114074957,17.302841563287593],[97.47800924982707,17.26395820910412],[97.50740193794914,17.209658511830902],[97.48931009018851,17.18807401740204],[97.51526316556273,17.129318689306125],[97.49955685496502,17.123198892714772],[97.50758753643576,17.108029829013457],[97.4897962376064,17.11431690939794],[97.47339991587343,17.07444944778381],[97.46900923408897,17.088327701062575],[97.48190886939885,17.051811256384383],[97.46742984920832,17.04556516979679],[97.47142734289763,17.028956533417347],[97.44222507182968,17.0342766627379],[97.45735211021177,17.01884620478856],[97.4447989656998,17.011389568673682],[97.4656906332162,17.00467948856764],[97.43804129616892,16.992591826851363],[97.47704486362959,16.938997311376877],[97.46899516059824,16.871089785165502],[97.48675831334553,16.88169789843935],[97.48509371410371,16.848962827772315],[97.51759654564414,16.835482243910413],[97.50345882266659,16.81499820400399],[97.51211353920851,16.800415309419034],[97.55849671405223,16.78573104235371],[97.54805305890159,16.773529539057005],[97.55752218170336,16.720882419787916],[97.61223913203037,16.65338633431189],[97.61454973588174,16.51964351233833],[97.56560203450636,16.538462502442627],[97.51665282766598,16.52926987890185],[97.43804485028964,16.544252955609448],[97.35981858475989,16.50752255771993],[97.32440671979437,16.608938315251084],[97.32513225415026,16.662923721952247],[97.30114242128576,16.648277374801065],[97.25578290695566,16.678390051159994],[97.23100343336182,16.75909307478561],[97.24980350802554,16.784355158763628],[97.21885266441899,16.78030287477784],[97.19797884844515,16.80548477340363],[97.2122919194366,16.85743447472133],[97.18656452623196,16.84123778719416],[97.17245198157374,16.849802048126147],[97.18055063560345,16.87733366301821],[97.1577990127144,16.91396568856572],[97.17219233290993,16.97986465003359],[97.13865778023244,17.071326290276176],[97.16612447126737,17.127643918731902],[97.1347397488404,17.120449106740917],[97.10231834101876,17.0236132744331],[97.116940750915,17.01046423373745],[97.09199803687991,16.987568221096602],[97.0546015489224,17.013789870006487],[97.04864829688148,17.074350977415772],[97.06445884699825,17.086942673165847],[97.00695228601924,17.09227561962424],[96.99072264103708,17.12927095059394],[96.97862052901425,17.077856064405935],[96.99863243114184,17.044836044447983],[96.98275947526967,17.044061660717066],[96.98198127841339,17.058885575409008],[96.97357368477778,17.05008506797155],[96.9702173492513,17.088454901172753],[96.95103070010681,17.099624804740973],[96.96754646259927,17.17284965528741],[96.88779297106883,17.317442386756795],[96.90663167341306,17.373128313421024],[96.87399988358786,17.43616665286883],[96.86828500944567,17.544991282621666],[96.88790965990297,17.617157745333753],[96.93867652430222,17.61222635606153],[96.94516053463106,17.62497513279618],[96.96981203020106,17.606820899065298],[96.99436410032301,17.61094981877916],[97.01919580474264,17.569793568418554],[97.09667992004232,17.53691454866758],[97.09181373611514,17.50695988409142],[97.10869780605898,17.48078697573837],[97.14243463604969,17.510933228285882],[97.17554357467634,17.51162299930201],[97.23873265758613,17.54380428184222],[97.23532073316535,17.579498261435663],[97.25133053437676,17.577661070601977],[97.27479712908428,17.60689324862462],[97.31574445794043,17.583924961967487],[97.3423092081035,17.677749412605323],[97.36461175812619,17.67545018427866],[97.36852045185745,17.71384735507143],[97.39709270466464,17.697839580931948],[97.39515774763208,17.715859024274646],[97.40580938809285,17.707700734401474],[97.40693818385016,17.70524656008073]]]]},"properties":{"ST":"Mon","ST_PCODE":"MMR011","ST_RG":"State","ST_MMR":"မွန်ပြည်နယ်","PCode_V":9.4,"label_position":[97.58125181088455,16.37682146362871]}},{"type":"Feature","geometry":{"type":"MultiPolygon","coordinates":[[[[95.7369556487842,20.310846109860112],[95.79189240870778,20.292065831073273],[95.81915378272096,20.308099108187317],[95.86314858124213,20.235264896158068],[95.94412038614693,20.212860899011318],[95.94723336512777,20.259935685783322],[95.98320438177683,20.298221943188203],[96.05237784406232,20.280252379843493],[96.07288907766882,20.29022085300999],[96.07856389240978,20.273423501093767],[96.09155799880267,20.287167664556137],[96.13195585537846,20.280960491633433],[96.17799033428656,20.25044861431217],[96.20537669967501,20.29845652325003],[96.26512877517291,20.308620232937475],[96.29686456594702,20.331037674948796],[96.30707236759577,20.315799841889262],[96.36215169794256,20.306425264814145],[96.4601138465768,20.222351687380517],[96.49854262943887,20.20688644455385],[96.48862620723374,20.165941263278732],[96.44090466761641,20.13640790500084],[96.45282920580325,20.089269546052787],[96.47583933341855,20.069997679849113],[96.46781348040786,20.055974958577522],[96.44302169779321,20.05187788205866],[96.42844963104568,20.019506454059634],[96.40260108836958,20.030508091775076],[96.3634853358796,20.012998581119685],[96.45519445875732,19.89464000093533],[96.44386479062761,19.87695498398541],[96.45353891209118,19.85043144165774],[96.52302724681005,19.85690111499451],[96.60735157501523,19.732303103205698],[96.63295157295681,19.72603041736994],[96.65606871270097,19.69502815502541],[96.54517171490278,19.616090463703976],[96.55854946218801,19.586538173797745],[96.64792266080224,19.577029179553055],[96.67521826571044,19.519321594915702],[96.65023883865155,19.50016561984751],[96.61998661628941,19.429422120234733],[96.57273290579899,19.476071969246046],[96.52766985927667,19.470411120976504],[96.50039002038318,19.489890655929067],[96.47044068788752,19.476480506070573],[96.28016090360295,19.47333335914727],[96.17964363084893,19.493268968188357],[96.1624926133435,19.442876747863693],[96.13747978186649,19.4428119660994],[96.12422763030095,19.416956004915743],[96.09438515974739,19.424096944818196],[96.05360218559248,19.462652060843993],[96.03655405862297,19.45331353489178],[95.94209842959893,19.481225677223264],[95.9058930298395,19.47319215839144],[95.89483832133152,19.437616115891117],[95.87151121596992,19.436663038668396],[95.7461338040319,19.49080467199809],[95.73011793059806,19.521971306130922],[95.7428108549371,19.536435337321],[95.72303350679094,19.56152600242314],[95.73484087770443,19.598424041136642],[95.71285057499409,19.630346173237346],[95.75169543189874,19.680284379820307],[95.76658804760034,19.679441504621757],[95.78059444887474,19.722991822214855],[95.763551498403,19.75840575202385],[95.78708850373152,19.77789610402204],[95.79753273624685,19.819077101027457],[95.81749248758831,19.816565251385274],[95.81053352370321,19.878343582190613],[95.78758801687356,19.908590103750317],[95.79543859201749,19.9479999759182],[95.76674943723681,19.982541554349314],[95.79388489806968,20.023684116129115],[95.77685807603945,20.048940568552446],[95.80353343022368,20.06199446817022],[95.80132846613589,20.093126413653117],[95.8341817122163,20.14400699462715],[95.78998346816259,20.176419980297904],[95.77036660133763,20.26472007187385],[95.7416140839229,20.276432573304643],[95.73916242410668,20.308536945823455],[95.7369556487842,20.310846109860112]]]]},"properties":{"ST":"Nay Pyi Taw","ST_PCODE":"MMR018","ST_RG":"Union Territory","ST_MMR":"နေပြည်တော်","PCode_V":9.4,"label_position":[96.21757293282829,19.832279602312507]}},{"type":"Feature","geometry":{"type":"MultiPolygon","coordinates":[[[[94.51838971051674,17.569623052462],[94.51787296996169,17.5696227925579],[94.51628666569712,17.570443366368313],[94.5161326181259,17.570523053496142],[94.51645076858813,17.572009260519014],[94.51646279881916,17.57206545555635],[94.51601423766704,17.57522487103101],[94.5165074195818,17.57615783851348],[94.51708715314962,17.576120686620452],[94.51751540401276,17.57571927422513],[94.51899599656807,17.573311482439],[94.5194072475465,17.57264269260624],[94.51940867656926,17.571708730473542],[94.51937935956985,17.571520737991694],[94.51888695556855,17.57010610531252],[94.51838971051674,17.569623052462]]],[[[94.58720757816724,17.5609640146776],[94.58945378966067,17.576801705434416],[94.58720757816724,17.56321022437238],[94.58720757816724,17.5609640146776]]],[[[94.58134458658346,17.57550728063658],[94.57216938470945,17.58357841091501],[94.58012630198732,17.576611350433588],[94.58134458658346,17.57550728063658]]],[[[94.4853228565647,17.76075101344857],[94.48494800744467,17.75834722364545],[94.48326163651538,17.758308161592392],[94.48251775149309,17.75866889045695],[94.48109381802533,17.75869871197598],[94.48068368670282,17.75839211240607],[94.4792187396532,17.757840387324006],[94.47814839713085,17.75815075145609],[94.47827416552033,17.75885910066702],[94.4796152912128,17.75911733469727],[94.48215844715472,17.760209453403583],[94.48449979612879,17.76121490714225],[94.4857667871076,17.76269083221623],[94.48635372244641,17.762760115986595],[94.4853228565647,17.76075101344857]]],[[[94.31939752717419,18.377919011653074],[94.32223159131497,18.376649127555286],[94.32364560526055,18.377078104171204],[94.32558768762179,18.375321842429123],[94.32705519863859,18.374786014662877],[94.32561795430517,18.37262231326918],[94.32470441397761,18.372144314608438],[94.32288687962587,18.372624634419385],[94.32030736769089,18.374956946106277],[94.31837863216822,18.374968008666745],[94.31652590284821,18.374506809341792],[94.31579719658338,18.37432541338718],[94.31485253971304,18.374750797211522],[94.31440244072012,18.37550654339227],[94.31839510684877,18.378097223108444],[94.31891431784155,18.378004917592946],[94.31939752717419,18.377919011653074]]],[[[94.23542923157389,18.54030630559159],[94.23660767980063,18.538111667519516],[94.23819999153643,18.53707450548406],[94.23913529905488,18.535373718422385],[94.23946626665487,18.533996648626502],[94.23919140056277,18.53245110253637],[94.2387267046738,18.53241748228099],[94.23709005456246,18.53229907843977],[94.23617973650569,18.532660404454123],[94.23626221692783,18.533342484468104],[94.23731605689059,18.534256728065554],[94.23712071155167,18.534846492671505],[94.23654532080995,18.53518940596642],[94.23367274859847,18.53590826735266],[94.22940606893502,18.53562139621053],[94.2290474076119,18.536696835190888],[94.22835738658421,18.53741854742806],[94.22804765377627,18.53774250661145],[94.22790516788918,18.538383435447233],[94.2292561366614,18.53884747033455],[94.23049917779481,18.540113834485958],[94.23100364799997,18.540010880098098],[94.23176818055715,18.539101955990564],[94.23320376744003,18.53877216740168],[94.23415260166135,18.539096766003013],[94.23542923157389,18.54030630559159]]],[[[93.7991159112703,18.63635414832537],[93.78420051034539,18.602344064726925],[93.771857175868,18.62213870143997],[93.79353438590326,18.668045444241862],[93.79908687216151,18.637647795209652],[93.7991159112703,18.63635414832537]]],[[[93.81288681427516,18.71410861691921],[93.81378158844964,18.729377028726976],[93.81413870114027,18.714860899810745],[93.81288681427516,18.71410861691921]]],[[[93.9948846186303,18.742128723761628],[94.00899651667596,18.728919043579037],[93.977487923429,18.742138320427223],[93.99260258444183,18.746609544594847],[93.9948846186303,18.742128723761628]]],[[[94.18621756658746,18.77381131603942],[94.17758524046651,18.757055442654632],[94.17267144912816,18.77268697102695],[94.18539762050389,18.77510521743185],[94.18621756658746,18.77381131603942]]],[[[93.98712783558118,18.765624635468633],[93.9783035104987,18.77557885438071],[93.98744041114607,18.76649541752949],[93.98712783558118,18.765624635468633]]],[[[93.96988406020131,18.83830833875882],[93.98706072457277,18.77991225834411],[93.9401769124346,18.79692924358974],[93.93481857002101,18.823435488357173],[93.96913513717692,18.83796721511491],[93.96988406020131,18.83830833875882]]],[[[94.12246691551583,18.879438305533455],[94.11364495295226,18.85264027842622],[94.14043144085834,18.864563443348267],[94.12880924575016,18.815523481423554],[94.06066635976472,18.840448386184136],[94.07339742704964,18.86328657151813],[94.08988220699828,18.850116760979837],[94.12063625915609,18.880006159057036],[94.12246691551583,18.879438305533455]]],[[[93.62433936167228,18.898852769139992],[93.68915840373735,18.871090194856674],[93.74367527379486,18.88683268518035],[93.7367840621348,18.77904328032319],[93.75009415342251,18.731703382405204],[93.72410761157711,18.680613086724648],[93.70079218661014,18.668315081675665],[93.6357339473638,18.68481321206009],[93.5997072860625,18.733241569343026],[93.5448500819658,18.7678499350265],[93.4791190374137,18.872928442393707],[93.55079745783652,18.881302541679],[93.61391530184984,18.920818102173683],[93.62389527374798,18.900420245198188],[93.62433936167228,18.898852769139992]]],[[[94.04104356011226,19.021839301942286],[94.03082577149225,19.034424228495425],[94.06185895882396,19.041281300991283],[94.04140318371,19.0218421464979],[94.04104356011226,19.021839301942286]]],[[[94.02648028603643,19.04039465758743],[94.01662919957795,19.04613039869901],[94.03815151757854,19.069908644468367],[94.04157745973197,19.045298716462685],[94.0283453369678,19.041404663694358],[94.02648028603643,19.04039465758743]]],[[[94.00675445645307,19.093351360377028],[93.99406609347552,19.103523485020876],[94.0096844314914,19.114139867560883],[94.0103934515966,19.09560943392828],[94.00675445645307,19.093351360377028]]],[[[93.8282961786258,19.25479939517601],[93.8166137685106,19.26086035632045],[93.83321392068596,19.257161093110028],[93.8282961786258,19.25479939517601]]],[[[93.7512420516794,19.26614156658005],[93.7501039371471,19.265416280436995],[93.74964636658663,19.26542249834967],[93.74746242505093,19.26733659740608],[93.74692408547818,19.2675985744147],[93.74442208790906,19.268816143150577],[93.74415457377457,19.269921949538368],[93.74506140605912,19.271821746676284],[93.74691611208895,19.27251124519785],[93.74788956615066,19.270700684189265],[93.7479087145156,19.270665067439005],[93.75038510568817,19.26938502549856],[93.75128674258913,19.26841007856231],[93.75382247462753,19.266761971987453],[93.75344784674085,19.26626941869872],[93.7512420516794,19.26614156658005]]],[[[93.74756623469403,19.28456239533832],[93.7591312491079,19.279291938272344],[93.74411159697272,19.285187654386768],[93.74756623469403,19.28456239533832]]],[[[93.86212248756281,19.298669996423254],[93.86164278288817,19.28010727263255],[93.84105849555316,19.271372108136372],[93.84418321518332,19.295378410285466],[93.86177984676263,19.299041192497132],[93.86212248756281,19.298669996423254]]],[[[93.82614877564558,19.29889885409891],[93.84397093111362,19.292836370402163],[93.84434268296852,19.27528333525775],[93.80487100579232,19.266795887220475],[93.77122509186457,19.29636338466255],[93.82309792452966,19.300438806405825],[93.82614877564558,19.29889885409891]]],[[[93.6388587830065,19.33691638418383],[93.63867781512918,19.33687975299828],[93.63827831469254,19.337136893452897],[93.63799934859112,19.33841466640381],[93.63808757388246,19.33913998042581],[93.6386272318613,19.33999989148186],[93.64005359799522,19.340878820501203],[93.6417453810446,19.34013119160126],[93.64201498520342,19.340012049416607],[93.64214650385806,19.33935533747889],[93.64127992073182,19.33740646433691],[93.6388587830065,19.33691638418383]]],[[[93.6380685325368,19.373407231458625],[93.637050634879,19.37339800261578],[93.63554892714129,19.374719693059447],[93.63531446219277,19.375429276140185],[93.6355579842137,19.37734970642387],[93.63560491263664,19.377409423206323],[93.63674642121043,19.378862043248798],[93.63971221804451,19.378847436460042],[93.64021016456755,19.378350031328914],[93.6401714865249,19.37708971691697],[93.64015708658039,19.37662046146514],[93.63915917455635,19.37448579648232],[93.6380685325368,19.373407231458625]]],[[[93.6507250828963,19.376963081580975],[93.68779474283316,19.363675819583456],[93.65729685266768,19.333576209474476],[93.6407365017882,19.35439705448053],[93.64991468581415,19.37866641012674],[93.6507250828963,19.376963081580975]]],[[[93.65235869779565,19.381315039457533],[93.66341189004673,19.37867123768749],[93.6520315145429,19.3813962482383],[93.65235869779565,19.381315039457533]]],[[[93.68962608717422,19.39369849448996],[93.65926918642391,19.407869726206947],[93.69137204988029,19.39532835741787],[93.68962608717422,19.39369849448996]]],[[[93.66644371150817,19.42524529363546],[93.64918129048426,19.430307649378594],[93.665853940607,19.426736701437694],[93.66644371150817,19.42524529363546]]],[[[93.63439372279213,19.43026872312313],[93.63421183850565,19.401441683386963],[93.62167548073893,19.431861253394164],[93.63266458460296,19.431997930560104],[93.63439372279213,19.43026872312313]]],[[[93.61453104067502,19.444637685181107],[93.59970772762964,19.439774276561636],[93.61468635718968,19.44784608762687],[93.61453104067502,19.444637685181107]]],[[[93.98336297042484,19.455073509035334],[93.97115368259644,19.44620612441311],[93.97213883683791,19.45999609124661],[93.98302414454868,19.455330318539396],[93.98336297042484,19.455073509035334]]],[[[93.88120486391344,19.47256876993285],[93.87991730454,19.471860396440185],[93.87657958587926,19.47235361702589],[93.8759029719446,19.472809368257757],[93.87585934583218,19.473329033408223],[93.87584782012087,19.47346631941514],[93.87861602510948,19.474658778180117],[93.87987704548934,19.474636831124833],[93.88117355851294,19.473639275232454],[93.88144542266822,19.473009060919452],[93.8812682418359,19.472603638447236],[93.88120486391344,19.47256876993285]]],[[[93.52936910100333,19.47909228747918],[93.54527010313281,19.47124905709837],[93.53323680093769,19.464191290096075],[93.52825036056569,19.478917493447664],[93.52936910100333,19.47909228747918]]],[[[93.6238446859836,19.492098969991453],[93.64571691400444,19.445061139060357],[93.59412021457632,19.475150162350182],[93.62227484650705,19.49293931000121],[93.6238446859836,19.492098969991453]]],[[[93.51651945450928,19.500332323577915],[93.53609755156083,19.48571020506201],[93.52196121353924,19.474390037370334],[93.51532154675202,19.50094194341599],[93.51651945450928,19.500332323577915]]],[[[93.54101933697295,19.495394338677826],[93.5986948149138,19.460700020289753],[93.54132325476442,19.48606632040438],[93.51172678656206,19.521891714331193],[93.53979777794524,19.497057701351913],[93.54101933697295,19.495394338677826]]],[[[93.77187225120348,19.534879930164703],[93.85840841431688,19.49657433643653],[93.81780589092926,19.485140290292232],[93.7698163974089,19.534765716264854],[93.77187225120348,19.534879930164703]]],[[[93.48741223998299,19.53772843831681],[93.48489689107872,19.537375076698446],[93.48445760643352,19.53751705446852],[93.48456200063588,19.537809983444085],[93.48647312653358,19.53878278459785],[93.48821373647483,19.53966878948304],[93.48956824587788,19.541258857410412],[93.48986147162972,19.541278797178737],[93.48993894642528,19.539521365418707],[93.48904115952197,19.538295696489246],[93.48801128559238,19.537812594175893],[93.48741223998299,19.53772843831681]]],[[[93.5089556731658,19.533227040095888],[93.50866393759073,19.532667095210318],[93.50842816952441,19.532781199392865],[93.50631107099922,19.53380581948297],[93.50492458799934,19.535676141340893],[93.50321649754342,19.537214964099356],[93.50339529355803,19.53931501327729],[93.50239494976721,19.540901670076035],[93.50249203158207,19.541285783112436],[93.50281415614846,19.542560266343298],[93.50361160659041,19.54215316933333],[93.50488942900398,19.54039148917593],[93.50674016452703,19.53890681729583],[93.50730140353697,19.53671675947096],[93.50847852616309,19.535843358584234],[93.50890111489457,19.53491379323705],[93.5089556731658,19.533227040095888]]],[[[93.53197008155408,19.527380971954397],[93.52002536887575,19.544300712607917],[93.53174165105645,19.52786188351919],[93.53197008155408,19.527380971954397]]],[[[93.61929847274635,19.543926112600015],[93.61988953417469,19.543865308537164],[93.62296988215441,19.54432563641902],[93.62388210317658,19.544461957453393],[93.62460970957048,19.543977092468875],[93.62486141182481,19.543063843521654],[93.62418933317127,19.54157105705868],[93.62233044169658,19.539767587204423],[93.62183670759808,19.539599524598458],[93.62050019902502,19.541263318047783],[93.61794137059783,19.54444875540576],[93.61790371058778,19.544773362100972],[93.61929847274635,19.543926112600015]]],[[[93.75916216060526,19.53402799609519],[93.75311963646207,19.54606317517545],[93.7591924938386,19.53511225922345],[93.75916216060526,19.53402799609519]]],[[[93.59870273704172,19.5514065294878],[93.58622964658097,19.556355322440297],[93.5993542805757,19.551947975318814],[93.59870273704172,19.5514065294878]]],[[[93.50239966491263,19.545627937479345],[93.48884551380945,19.566999363629808],[93.50247639147231,19.545752239074584],[93.50239966491263,19.545627937479345]]],[[[93.6243643978987,19.566358993272978],[93.61364010750502,19.557481346487013],[93.62358080061351,19.56771606664319],[93.6243643978987,19.566358993272978]]],[[[93.70948884303573,19.5522658164143],[93.74322330151419,19.549837126182442],[93.74849353374962,19.52659187441553],[93.81607910896375,19.482055690317942],[93.85954206011803,19.488193216144087],[93.85722701451516,19.461723585475163],[93.88279710280403,19.47210496796997],[93.96213468756581,19.43588468892726],[93.98360782883829,19.403167619090386],[93.96760539397387,19.356894477198402],[93.89330779162138,19.291583825233335],[93.87335709105699,19.32337729132899],[93.8414162080916,19.296242491497825],[93.80250512601081,19.309687066504985],[93.7666353289573,19.302511044948808],[93.74105972602557,19.328459669578177],[93.73025141377184,19.385822841750752],[93.64947601360723,19.443559916057293],[93.6338589049645,19.48321334262165],[93.65464318173758,19.493391728345596],[93.64184816096393,19.508186737028307],[93.67304255357108,19.563833299467234],[93.70333516088903,19.55277739845823],[93.70948884303573,19.5522658164143]]],[[[93.65190853405169,19.57183550750273],[93.66963687314328,19.563889372196805],[93.64813547517213,19.525558440070053],[93.62633241400975,19.544888536476876],[93.65083146909704,19.57143720856037],[93.65190853405169,19.57183550750273]]],[[[93.66833293891406,19.574299348636067],[93.65466781506771,19.574812006269124],[93.6671622437426,19.574356455585992],[93.66833293891406,19.574299348636067]]],[[[93.65161364455415,19.587393407479755],[93.65286522744827,19.5752915121936],[93.65107241006368,19.587855872150847],[93.65161364455415,19.587393407479755]]],[[[93.69294877816368,19.589604857478257],[93.69228381944279,19.589598497472757],[93.68916164759206,19.592044058986144],[93.68913724718627,19.592637987453173],[93.68904971257417,19.59476851645395],[93.68939775650128,19.595484969455764],[93.68998609208455,19.59585832210394],[93.69149909260915,19.595702224078412],[93.69239275342295,19.59534426062922],[93.69342823192748,19.594929487905585],[93.69421936193406,19.593465910523364],[93.6954234615236,19.592733029605633],[93.69550637451962,19.591524665430956],[93.69521239513595,19.59059509198998],[93.6934314649902,19.590022665413706],[93.69294877816368,19.589604857478257]]],[[[93.7199569741351,19.59236109428913],[93.69987112795023,19.604986032579394],[93.71969529570141,19.59316164739214],[93.7199569741351,19.59236109428913]]],[[[93.61672184493729,19.62990417263953],[93.63713424754752,19.609019344467246],[93.61485387300789,19.621147181597184],[93.60041853558701,19.607656853581],[93.61585351352882,19.629915187535904],[93.61672184493729,19.62990417263953]]],[[[93.63542166677655,19.62788319365448],[93.62961266509242,19.639884887377764],[93.63530795559777,19.628156606442356],[93.63542166677655,19.62788319365448]]],[[[93.65694353511611,19.630062863410455],[93.65023610801003,19.639794729443313],[93.6573693200381,19.63056805127462],[93.65694353511611,19.630062863410455]]],[[[93.54446531871947,19.648614623566093],[93.53541590142281,19.65733099043295],[93.5448258398407,19.648674793606954],[93.54446531871947,19.648614623566093]]],[[[93.69164063151001,19.65735296896439],[93.68969282496401,19.65689136224656],[93.68911741713515,19.65712934444371],[93.68883718568769,19.657593093346634],[93.68862563906205,19.65866805748496],[93.68910854352451,19.65979040510309],[93.688709012511,19.660112226598056],[93.68804264365312,19.660648982464654],[93.68804911967115,19.661059914183706],[93.69322512453995,19.661753676391122],[93.69483921066107,19.661454560979305],[93.69525283495047,19.6602290260487],[93.69523216763052,19.660155103575224],[93.69496014159736,19.65918211806031],[93.6928634657764,19.658273174167714],[93.69164063151001,19.65735296896439]]],[[[93.58740287514266,19.66251587520754],[93.56126912147283,19.655321769184372],[93.58774831463309,19.66552268652285],[93.58740287514266,19.66251587520754]]],[[[93.59564167592265,19.70260063191372],[93.59472849352522,19.702393628663092],[93.59262801357205,19.703091878487452],[93.59270252060494,19.703284375673466],[93.59344200704308,19.705194940394207],[93.5946802215151,19.70566474713039],[93.59559786904649,19.70510265646251],[93.59561836999187,19.705023531410934],[93.5960925429366,19.70319345421466],[93.59564167592265,19.70260063191372]]],[[[93.58733856642172,19.706902452586203],[93.58685873943931,19.70687263556375],[93.58638027852709,19.707353834911586],[93.58521657558455,19.7100739756335],[93.58512833680338,19.710932757141094],[93.5867955791527,19.711997683046686],[93.58838350579427,19.713011947443512],[93.58914512814523,19.713132393645058],[93.59001780148043,19.71243972141606],[93.59078524694165,19.71056206648621],[93.5903542990117,19.709664834464643],[93.58981919250184,19.709241748408054],[93.58838344913693,19.708106565665492],[93.58733856642172,19.706902452586203]]],[[[93.81233074456826,19.70980146846307],[93.8077035401863,19.73457014209846],[93.81304269556402,19.711170195248403],[93.81233074456826,19.70980146846307]]],[[[93.46961822699956,19.741118209337913],[93.50239087943567,19.717528899439237],[93.4670896994301,19.742589703452115],[93.46961822699956,19.741118209337913]]],[[[93.44806570886547,19.74035561302115],[93.49800221483044,19.711918883549714],[93.50155638771719,19.676416140292726],[93.45534663004298,19.689845510461964],[93.40917374727067,19.741668168151513],[93.44825822583654,19.741116331553496],[93.44806570886547,19.74035561302115]]],[[[93.58572799844843,19.756115673399663],[93.5760197989746,19.71509376646415],[93.54088298356288,19.698339210586177],[93.55237505486501,19.68224133067292],[93.51912467176622,19.681750584122234],[93.51031522776563,19.719501295248584],[93.52643183156383,19.7190912583549],[93.57621015577408,19.769345475013708],[93.58201603950864,19.76030352298926],[93.58572799844843,19.756115673399663]]],[[[93.40326463755305,19.795904303141118],[93.40208208302177,19.793752814540774],[93.39923631870114,19.795793677536263],[93.39996874096468,19.806413794061392],[93.40333711751401,19.807081366212106],[93.40509187918695,19.79829611847109],[93.40326463755305,19.795904303141118]]],[[[93.55569128332608,19.763073202866085],[93.54160487386588,19.785392547727984],[93.56030743773815,19.80709323366588],[93.57244268887908,19.778920415644738],[93.55759485222069,19.767689357278048],[93.55569128332608,19.763073202866085]]],[[[93.73438934559186,19.83865711723219],[93.75022179060325,19.829126666962157],[93.73875018787098,19.82078949024285],[93.74511037954048,19.79088582711926],[93.71146361305532,19.779953781641776],[93.69753170352529,19.807078285134846],[93.72331528187482,19.812597179916022],[93.73349256592925,19.838696707187328],[93.73438934559186,19.83865711723219]]],[[[93.56846903351912,19.83880287035625],[93.58922546008704,19.838350716412453],[93.59316315965212,19.820250759464994],[93.54642673920276,19.801748069018274],[93.56287357315696,19.841266158406498],[93.56846903351912,19.83880287035625]]],[[[93.732879133865,19.84903797002636],[93.7326082733532,19.82289154311035],[93.69589467659812,19.807634864757237],[93.69709432544283,19.714531404200994],[93.63571388798564,19.719311511317258],[93.63827456811687,19.76077140157891],[93.68793147305915,19.803469318354402],[93.67651769043913,19.825857310266745],[93.71485210833818,19.85515792669704],[93.73282794175613,19.8490488617156],[93.732879133865,19.84903797002636]]],[[[93.59975957804212,19.810715356628425],[93.60649711265172,19.84667625050863],[93.63599876892813,19.872020740265025],[93.60475644605323,19.813237584447027],[93.59975957804212,19.810715356628425]]],[[[93.71647220013196,19.88391727716062],[93.76244938952775,19.87024208540394],[93.67284623516572,19.83015389148893],[93.68514578524983,19.80461781286181],[93.64387848300571,19.779758480369644],[93.6098587541782,19.712328107456297],[93.5967717190397,19.71247087662967],[93.58883611839225,19.78015726944252],[93.62587279299508,19.814833953024532],[93.63890198284034,19.861098560350396],[93.65990861608975,19.857706242948744],[93.65926323560994,19.883612378208756],[93.6768839735166,19.89469933910327],[93.7159662136699,19.88438609644126],[93.71647220013196,19.88391727716062]]],[[[93.71481669843196,19.894213870673635],[93.72851607475712,19.888142834424357],[93.71197365995657,19.896620465462153],[93.71481669843196,19.894213870673635]]],[[[93.62467846184164,19.874571537746263],[93.59535615106556,19.836725811447028],[93.54080177298354,19.832173109601378],[93.5482590035502,19.86854079022534],[93.5934635871749,19.876661412893956],[93.61309656175696,19.90239644404078],[93.66186807425233,19.905787979032116],[93.62589171563027,19.87510828641835],[93.62467846184164,19.874571537746263]]],[[[93.58203527690655,19.879809432159576],[93.56988756655798,19.88808915748866],[93.6060042958616,19.906344721431854],[93.58649476402222,19.882296291440746],[93.58203527690655,19.879809432159576]]],[[[93.50239534456954,19.91835049447975],[93.48961885972263,19.921078911662512],[93.50327235983163,19.93616477908134],[93.50639571159286,19.919854288644586],[93.50239534456954,19.91835049447975]]],[[[93.47440531555294,19.966922563425612],[93.48869895759091,19.955212219468418],[93.45476048700692,19.941155855458423],[93.47166417656062,19.967790589064446],[93.47440531555294,19.966922563425612]]],[[[93.4475314603087,19.92952476605517],[93.4801966788337,19.90596120644453],[93.53346150644344,19.91286509944484],[93.53427052306621,19.884263978399893],[93.4968558777966,19.825296056867522],[93.5214921631329,19.75518369157417],[93.51299577133781,19.73368624702275],[93.49435301058303,19.763533810437014],[93.44321089057019,19.78681201156512],[93.4282586462196,19.877941605021107],[93.3960821120998,19.92885249764472],[93.39680151038147,19.967331873667135],[93.430232482743,19.957865497394852],[93.44645088440083,19.930881768379013],[93.4475314603087,19.92952476605517]]],[[[93.49789368374658,19.93535456636016],[93.45555617657635,19.93916694449894],[93.49797467309274,19.97065969618806],[93.49859217189123,19.935782405333743],[93.49789368374658,19.93535456636016]]],[[[93.13610969770444,20.057727833472757],[93.24804181068107,19.817799607765693],[93.22162371925934,19.818451105434217],[93.11745430597152,20.051055845051277],[93.13508867580185,20.060714209493188],[93.13610969770444,20.057727833472757]]],[[[93.12987225000441,20.05966113305487],[93.11156480776968,20.057822986241888],[93.12254351097427,20.074474706442555],[93.12985321495398,20.060479668102257],[93.12987225000441,20.05966113305487]]],[[[93.39596037267309,20.083807102615733],[93.39314309078105,20.0974747265774],[93.39584615877324,20.084682741915024],[93.39596037267309,20.083807102615733]]],[[[92.93328087611158,20.08312334986274],[92.95395363335354,20.077812392727775],[92.97755556343853,19.995956809659162],[93.01986685357247,19.924039025680504],[93.0333795036613,19.879314284326796],[93.02560929013669,19.814991728285655],[93.01210539225012,19.902230392318806],[92.91438360362048,20.062125219703194],[92.93567937340444,20.099170435167476],[92.92962602412182,20.08403706286018],[92.93328087611158,20.08312334986274]]],[[[93.40639192744551,20.0913833044959],[93.40536400054823,20.10550778495642],[93.4072294984426,20.093020375489953],[93.40639192744551,20.0913833044959]]],[[[93.4005670086606,20.081713175122914],[93.398663439766,20.107259068051583],[93.4015949355579,20.083692886017865],[93.4005670086606,20.081713175122914]]],[[[93.41004677943538,20.100710791270057],[93.40955185373512,20.10055850636999],[93.40913306643793,20.102880861662506],[93.40818128244027,20.104213358359843],[93.40715335554297,20.104974786457305],[93.40623964254554,20.105850428454616],[93.40620157154532,20.10676414145197],[93.40627771354566,20.107220997051453],[93.40673457184309,20.108896137246987],[93.40745792804104,20.110304780441343],[93.40780057063988,20.111104278639566],[93.40848585493833,20.111104278639566],[93.4092472830358,20.110418993441822],[93.4098944945354,20.109238781644553],[93.41046556673257,20.108286997646893],[93.41103663713109,20.106040784354814],[93.41103663713109,20.10428950125956],[93.41080820753284,20.102081362564913],[93.41004677943538,20.100710791270057]]],[[[93.40254671955556,20.106345355054142],[93.4021660068558,20.106307284053923],[93.40189950715659,20.10672607045184],[93.40151879355754,20.1074874985493],[93.40064315156023,20.108172781049113],[93.4006050805601,20.109352995544402],[93.40117615095863,20.11060934934202],[93.4017852914581,20.110837778041088],[93.40250864855534,20.111218493438784],[93.40319393375307,20.110913920041437],[93.4032700766528,20.109352995544402],[93.40319393375307,20.1076778544495],[93.40281322015403,20.10672607045184],[93.40254671955556,20.106345355054142]]],[[[92.97198839844587,20.133421065829612],[93.06774537165164,20.12269670169154],[93.12317729469649,20.04008796878479],[93.13869307762349,19.995230056721777],[93.10697954327136,19.97318398705142],[93.10167812434601,19.94541120456351],[93.17287204131176,19.788731770954534],[93.05042793190357,19.958941961602314],[93.04713725857766,20.001882680041735],[92.9788183662747,20.070724136909476],[92.98740004527598,20.099649335848188],[92.97095338129354,20.13322286514317],[92.97198839844587,20.133421065829612]]],[[[93.11123098212424,20.06282968744014],[93.06776132292678,20.125736608058084],[93.09374979561665,20.15200807940934],[93.12592674612249,20.083334257969717],[93.11694168790868,20.069530249121733],[93.11123098212424,20.06282968744014]]],[[[93.06638758421964,20.12735479059112],[93.05542302825026,20.13432185197191],[93.08198923441567,20.173466841421636],[93.09299947594519,20.152542812700677],[93.07015665010934,20.131656855879307],[93.06638758421964,20.12735479059112]]],[[[93.17974142282844,20.188326514956753],[93.19784311097082,20.16577078869107],[93.22275676341393,20.164373441880898],[93.23442678087129,20.117669762149845],[93.19606554339013,20.094610291431877],[93.19314832433572,20.06225120662791],[93.1663460758108,20.033773817907438],[93.12985085333428,20.07373353467495],[93.08299509464793,20.181646552246665],[93.1751716068842,20.19403878556155],[93.17974142282844,20.188326514956753]]],[[[93.28989290963013,20.206972336104453],[93.28694237788845,20.22034490869061],[93.29132058607627,20.207067514054597],[93.28989290963013,20.206972336104453]]],[[[93.29120156260207,20.220492362432626],[93.29129182575716,20.21915441314571],[93.29077997751408,20.219430733441598],[93.29030027373871,20.219467361929308],[93.28961498854096,20.21979096947771],[93.28877741754378,20.22019071812718],[93.28782563354622,20.220628540474802],[93.28759720574652,20.22137093262247],[93.28759720574652,20.22176149469724],[93.28759720574652,20.222494037469904],[93.28786370454644,20.223997855017014],[93.2880476105089,20.224917388426785],[93.28849188279425,20.22504481966275],[93.28875838159408,20.224321463464875],[93.28912006104207,20.223712320267392],[93.28963402359139,20.22295089216993],[93.2901860589395,20.22239885951976],[93.2905361785019,20.221747360052674],[93.29087378849458,20.221196785203496],[93.29120156260207,20.220492362432626]]],[[[93.29952972451728,20.21489594249378],[93.28922665858344,20.22641253201279],[93.29945834262844,20.21553839747908],[93.29952972451728,20.21489594249378]]],[[[92.97296714861506,20.176209924748253],[92.95252282007216,20.17809445769315],[92.94070165805518,20.199795141832396],[92.98298986978673,20.24611453495789],[92.97330979121398,20.177123637745783],[92.97296714861506,20.176209924748253]]],[[[93.26473548335595,20.29426048263517],[93.26292967886165,20.258937248555217],[93.28310750860472,20.248277263285072],[93.28650542698392,20.20682644538415],[93.30286500961259,20.206592942710152],[93.31129525357319,20.11508955324038],[93.35350840608812,20.052730585947817],[93.21339917902897,20.02674661706275],[93.19689523722546,20.086480606294973],[93.23581370184091,20.12069915903901],[93.22238767265304,20.167260451808463],[93.19635636885145,20.168973663903497],[93.17662492659909,20.195028761967823],[93.2120884144488,20.241856554436474],[93.25284076399012,20.25103743822719],[93.22786450524279,20.278417511958654],[93.243634550794,20.31561544040031],[93.2688970889296,20.32415698265869],[93.26209684279515,20.296328197588295],[93.26473548335595,20.29426048263517]]],[[[93.32391587691629,20.328774527422485],[93.33558963465393,20.28273963482635],[93.35787085635502,20.27837085692957],[93.39767351102374,20.196540780432745],[93.41298919389625,20.12978393228265],[93.37278139824295,20.07893376907822],[93.375809239305,20.00709986306831],[93.34916436224562,20.077414368977994],[93.31574790224394,20.116597295428903],[93.30108131674949,20.216201730225677],[93.26501232256075,20.260315376853185],[93.2767131633818,20.280959100382198],[93.2651231424192,20.308167721063505],[93.28616659031596,20.33019641583199],[93.32411579710639,20.329548843704245],[93.32391587691629,20.328774527422485]]],[[[92.7467683617705,20.333984250572787],[92.73901340704315,20.366345703291596],[92.75425293892206,20.408925196440716],[92.74763528753856,20.334603518337765],[92.7467683617705,20.333984250572787]]],[[[92.806103662654,20.497534888624255],[92.77668722523534,20.46542626680886],[92.79090119633325,20.44661732572902],[92.75998922502276,20.447834515850246],[92.75384099816358,20.478179659763537],[92.79485823132235,20.508624980958142],[92.80565274258,20.50040333834343],[92.806103662654,20.497534888624255]]],[[[92.7243630237346,20.572013837468614],[92.69708346902699,20.588984120920525],[92.69816401255916,20.611553619404063],[92.72418028059558,20.574069690364002],[92.7243630237346,20.572013837468614]]],[[[92.26663738510726,21.010464713176077],[92.26109069048303,21.050589697456687],[92.26508407157266,21.013891137366144],[92.26663738510726,21.010464713176077]]],[[[92.38057407073684,21.479632838984383],[92.4243580483853,21.433009639583286],[92.42779269597627,21.371427076798252],[92.50214501398129,21.355734104945054],[92.50853021040089,21.376125090200734],[92.55801250477334,21.38248200024416],[92.59842915538131,21.24691240608277],[92.68558247105426,21.283174359708998],[92.73816163665026,21.198431426769012],[92.7636881069207,21.207290703103507],[92.78366655876468,21.189771773848317],[92.8065390838117,21.10144214224111],[92.83893361269614,21.09461351080498],[92.84241194035883,21.105396324580713],[92.85723672379585,21.07187450720279],[92.86919907487746,21.065757244900926],[92.9191732948117,21.113667273425992],[92.96396960960992,21.11343097655841],[92.98919456687582,21.07961843264466],[93.03483851338669,21.077640937679195],[93.0469267084009,21.061523243003307],[93.07702777721023,21.07005673992662],[93.07990804492044,21.08463084903452],[93.129808280328,21.088335054918947],[93.12229839535473,21.055835812572784],[93.14149839403572,20.969795021223344],[93.13130699961836,20.949647486941977],[93.15997467858861,20.84353705878826],[93.1798034310835,20.833344708391607],[93.20852647771478,20.851135939771822],[93.23539707741325,20.834642865376004],[93.25382403774925,20.843553448932614],[93.24355128706226,20.8098100655821],[93.3110790691438,20.79094509404092],[93.32146286362034,20.761302690266955],[93.39016530058822,20.77119607633787],[93.40535999766584,20.731766309367735],[93.4217835283872,20.74333836277525],[93.46111293641289,20.72810280140319],[93.48525690138499,20.743296608151937],[93.53047766381323,20.707368028711567],[93.56373949078497,20.734189432796132],[93.63082847475435,20.722356748665035],[93.62955275495575,20.752782417874357],[93.60092546094133,20.790263514949267],[93.59885957341068,20.846927849140936],[93.63013991062846,20.86742575929142],[93.63132351466848,20.917758268229555],[93.69582901080025,20.920191256321438],[93.74364879235792,20.845883764124448],[93.76302654473936,20.764820493670907],[93.82140145331451,20.776209014334576],[93.82879961730855,20.733356101203157],[93.84657619333673,20.721267961047637],[93.84071063328919,20.687491361237406],[93.86613125155601,20.66331491994767],[93.84763658575984,20.63178584194308],[93.86101689521358,20.59529465292592],[93.84732194265361,20.556252886761314],[93.9383067065893,20.558656366298308],[93.94165583135162,20.530271360435023],[93.96953410341625,20.5248117246814],[93.98817978606833,20.49800300373564],[94.0436442663699,20.372261572313807],[94.07907435969396,20.373433515744196],[94.08116225363517,20.33607711956343],[94.12806853173745,20.27879530635833],[94.13664608285049,20.20090907179631],[94.16999540486411,20.169625637313334],[94.17176616457684,20.125946881243614],[94.21240416082343,20.10567435918434],[94.205049684995,20.062043605328203],[94.23814986872155,19.97810153485798],[94.26913164271123,19.93123167210403],[94.29713625783215,19.923921200103297],[94.3139209850655,19.84873772956258],[94.28104771018371,19.82292786492906],[94.33930403595262,19.66854860213639],[94.34397116393812,19.56319071138227],[94.394940301154,19.49888426219902],[94.43129281291303,19.478117491629007],[94.44672285807346,19.436172721993547],[94.49926117196557,19.39206681583093],[94.52721648355394,19.34057083597541],[94.53250152042892,19.291633916572057],[94.47892306055084,19.265503440031825],[94.50483395682173,19.18601408837953],[94.53619164203072,19.14606647019149],[94.58360066363983,19.15514554083407],[94.6547104841016,19.08452794540841],[94.68752759632156,19.036537439251408],[94.66763932399566,19.010206107226132],[94.70158568523125,18.921525748114817],[94.74404299288993,18.900255181831213],[94.758453293185,18.87583971063423],[94.75128163783738,18.829256401561775],[94.71190151973937,18.82862918738722],[94.6855514593324,18.802718293814266],[94.7471162614064,18.68280924914759],[94.74656052624735,18.65687726827144],[94.70157428092833,18.65464222455911],[94.69003221631377,18.6260826926622],[94.72847169121565,18.573613946726283],[94.76696943679016,18.55997253440503],[94.74822942784587,18.541129278793264],[94.75375523391699,18.508821136086592],[94.7338870326605,18.467933599556016],[94.75759353681234,18.456920165433374],[94.79819274799699,18.371030875674407],[94.82143940000836,18.36401178221808],[94.8525128113172,18.313989137388806],[94.88427516356802,18.294668257234278],[94.87329739206099,18.269638937586915],[94.88631596540958,18.25392338375716],[94.87080909656264,18.22792340334248],[94.90183959941805,18.19367275469393],[94.85207369844251,18.14215041211192],[94.87993410007871,18.074571375868306],[94.81724570032884,17.99435707531883],[94.84699578262935,17.923414020640557],[94.881540183133,17.89844308318179],[94.87648533672898,17.750326203591523],[94.83772444232923,17.686220223184787],[94.79800089562488,17.678016487870693],[94.78772162395377,17.65974222702223],[94.7879595701781,17.58577311463759],[94.77406351841674,17.565285954083517],[94.80986359103193,17.49627560903216],[94.72673083216219,17.33818972387676],[94.70688578215312,17.33803315100911],[94.69605845373475,17.36976788867722],[94.671254009565,17.372783012426115],[94.66283071826312,17.40094393241661],[94.63866729196202,17.412258269803335],[94.62266691744435,17.394596484140465],[94.61048681801228,17.428590105648908],[94.56506163968304,17.45400789644734],[94.53703083450543,17.553885244008857],[94.55641012202956,17.59735974425681],[94.5995217755096,17.548353487123766],[94.60653546404053,17.515431253149835],[94.6068409997124,17.542698698486245],[94.59341798415271,17.576353794492125],[94.56710097473028,17.591740536396724],[94.58213128293241,17.61786968733626],[94.56548983388873,17.651870230027175],[94.55219505805553,17.6326904975684],[94.55245865024662,17.668304549915067],[94.52903379217584,17.705565620656913],[94.53290528455132,17.747155285787816],[94.48060625777262,17.788110888406802],[94.48068593410864,17.901007348010797],[94.42932274364985,18.000185094066875],[94.4539298315965,17.99724419676235],[94.47690168496482,18.02065291290161],[94.47668199497816,18.07477142466157],[94.43290310569384,18.138856036277126],[94.44499765082102,18.16243869119266],[94.41206648118325,18.200598749432814],[94.42478599667646,18.20769333557902],[94.41310174744778,18.244100233838786],[94.31866348613103,18.249438587920594],[94.32427397686259,18.310122120939173],[94.34752983703245,18.296053482981897],[94.34471215404268,18.315794546181404],[94.38099076491196,18.280394363409144],[94.38095823733285,18.30172075960544],[94.40489886738884,18.314593175134938],[94.39036382842797,18.333588005182374],[94.39743334057627,18.349024441824543],[94.37784909306129,18.370683261623352],[94.3330928844291,18.36911580085355],[94.3188132556273,18.44012396734732],[94.2433218374329,18.5248116162631],[94.25683342362369,18.545363405696666],[94.24577580580888,18.545136477966103],[94.2362345888553,18.64791742794701],[94.13872857726207,18.740788626893664],[94.21687698758298,18.72375281074373],[94.27196590470282,18.73752388641828],[94.24370528856828,18.735974246614248],[94.24562016194095,18.751764828184378],[94.23826234153385,18.736574491019983],[94.20782911082493,18.73484212156676],[94.19892452394765,18.742798400325963],[94.2165433175201,18.784727926452746],[94.20434715799504,18.752702505416327],[94.18139233778622,18.753132319301166],[94.19716865970592,18.79598780809094],[94.17657689540742,18.780854358441953],[94.13994885205796,18.823946181870873],[94.17487600942034,18.84208527641443],[94.14461085120983,18.831494000247936],[94.15127701202455,18.890995651428252],[94.11675467458863,18.853304482615826],[94.11985560715064,18.881247915059326],[94.08711763257273,18.851280130273803],[94.0756079561423,18.86622367368361],[94.04786418668299,18.848294129270723],[94.02076148905157,18.859173540126836],[94.04335916869074,18.88939312339398],[94.07020761448995,18.87214142768475],[94.10519714882945,18.90536316827561],[94.0993158704312,18.92053382467632],[94.07096050622246,18.874516817797],[94.05790154971679,18.894404320303146],[94.03008807740288,18.898588927836787],[94.04956277310357,18.942728043264697],[94.02990339892281,19.0005859037165],[94.06574293828601,19.0423167327311],[94.04791178779884,19.045408922983484],[94.06392788066722,19.072443771263078],[94.08924496987957,19.082471860488045],[94.02700524639508,19.086022994565596],[94.09657454887638,19.15881523973154],[94.09141592070827,19.18266996025054],[94.07617789069714,19.131822110102345],[94.0356947541097,19.121708101447762],[94.05009212305313,19.231236627868128],[94.07485994233257,19.23320598396899],[94.05216936542396,19.237168830377257],[94.03785780079697,19.310889169599562],[94.0803220566177,19.370380772654613],[94.07065081658196,19.376195226028944],[94.03190037859964,19.334738552642147],[94.03315916956008,19.208269401511732],[94.01282244310133,19.18137314325604],[93.99203326951978,19.196595122167167],[94.00594661254618,19.153978987939965],[93.95337501654384,19.1438737000113],[93.93231165945555,19.176986788109826],[93.93751083895413,19.20800431015087],[93.8970777757189,19.20186527616162],[93.96916622404208,19.124904210161183],[93.95435618678863,19.10403329629958],[93.95383191980734,19.052857116262953],[93.98673168691788,18.96629705456546],[93.97336805539152,18.931750732210592],[93.95329478622546,18.92388540188986],[93.96069038805106,18.90416549793937],[93.94095212174308,18.893256238584563],[93.9371986968624,18.84691642275474],[93.91311267610914,18.879987684284213],[93.77589829027387,18.971148063332496],[93.73232927487616,18.969834333687604],[93.71501293859635,19.000668180891886],[93.66725852606018,19.01563352656604],[93.63638487935869,19.144634879895847],[93.59690733500553,19.159663879584418],[93.47234969018604,19.358599689823905],[93.48756985696335,19.415430143186615],[93.54392554023153,19.437503342705117],[93.56737061416258,19.418868590413204],[93.5587817918463,19.408116049616083],[93.60150303074033,19.414766445315287],[93.63590781059703,19.36172440136009],[93.63363834893072,19.33027384765998],[93.6616505372426,19.317972732755425],[93.65071871119962,19.25227382727533],[93.67332414299486,19.2996760805867],[93.71607962267653,19.29776098867871],[93.7321644309438,19.261041886274096],[93.81416513221511,19.225164572686978],[93.91103274116816,19.277906236783412],[93.94625129506127,19.338499231454417],[93.97008950312807,19.351785497003057],[93.97893998769037,19.394095260987573],[94.01515473680172,19.37901497476132],[93.9761544185916,19.417408940370414],[93.99124398851932,19.459203111334563],[93.95513122612525,19.446536770955255],[93.9021993356309,19.469760546911704],[93.93693342114048,19.494983245980077],[93.94551196600446,19.54089899729093],[93.93153233305081,19.49667946358645],[93.90004799631807,19.490303054442467],[93.77241312956238,19.58870725133862],[93.81710860967466,19.605113832537388],[93.76351595130015,19.593863118588114],[93.71997483197298,19.623570094584228],[93.77038583283998,19.664463111583327],[93.81803753380517,19.63938068067391],[93.78912182181466,19.685964531138275],[93.8336815249825,19.665635960631075],[93.80112949782816,19.690623281938965],[93.81710447009532,19.711472712795505],[93.80879010557898,19.735242665017058],[93.7987814767838,19.703948475541807],[93.75147024205809,19.67428162010075],[93.73030036297146,19.673114175978487],[93.70729413841386,19.697964868683812],[93.71564451088548,19.741667189689135],[93.78817674586018,19.76445774333023],[93.78487136412227,19.814232946893004],[93.77229780499977,19.761792907316863],[93.71502862457136,19.757611424027996],[93.70025693081277,19.78445174445252],[93.74580301579657,19.79022682191037],[93.74024583597661,19.850170893671834],[93.79280242858921,19.871290592386956],[93.7167780109965,19.90120440795707],[93.71734423944517,19.91615561359071],[93.75335670674663,19.91604076207157],[93.7101754268545,19.91980124842899],[93.70410368104011,19.972194105973248],[93.70277124819462,19.91255933174781],[93.5919165859817,19.912341542927855],[93.56225176570655,19.888487406068997],[93.53851268091556,19.90581027502428],[93.5748682170946,19.923954706144794],[93.54219803611053,19.921036196563232],[93.54485046957353,19.940176190678724],[93.51832771954868,19.92452769749534],[93.50979697904738,19.947225384443964],[93.53480366275886,19.95743765842127],[93.51017325539142,19.961188263927262],[93.50213841095896,19.978753242068578],[93.54153911363927,19.991072236394633],[93.5184393056295,19.998439047324176],[93.52459731801191,20.008761649230763],[93.48860811347372,19.961023828287047],[93.4665363789508,19.979812820605222],[93.45623689321808,19.94932037043878],[93.41860859241272,19.974391131745403],[93.37778210456052,20.07185887628616],[93.38423526004925,20.087688036074066],[93.40585422998882,20.080145765614684],[93.42067487204775,20.11642542509334],[93.40835505304334,20.180228972489175],[93.36046473406036,20.28104818092887],[93.33309698733612,20.29361338804748],[93.34115327430425,20.30739463505443],[93.32571945019254,20.333419484421697],[93.28869967744818,20.333055008981557],[93.27727527473421,20.347195920055658],[93.32471573124609,20.39140927991435],[93.33299858711517,20.434532590406803],[93.31964515929674,20.390854840678493],[93.27615870166287,20.358830273998038],[93.28267114675602,20.329092518704858],[93.23717293358408,20.306533062051265],[93.22690321091447,20.277964616074215],[93.2507115578922,20.25067869956237],[93.21142189720287,20.243825852980798],[93.20025746600929,20.216414462157747],[93.16469118744844,20.193636738244955],[93.10397495597951,20.19208342740829],[93.12918462117338,20.224894407151236],[93.01934076366537,20.137533679935412],[92.99358547708815,20.13930399898046],[92.9991591666623,20.22345387039984],[93.03417466442927,20.33212789158901],[93.0907040607439,20.378475078262323],[93.12272775508188,20.384167116818993],[93.08940359969642,20.38509687821842],[93.07693522258245,20.405703010985196],[93.11513710379437,20.42218333928972],[93.10147885436575,20.49184551475872],[93.11028042480179,20.419905158696213],[93.07961571399413,20.417560616229466],[93.080214881012,20.370994798071592],[93.03489847838215,20.349450047381787],[93.0353164176186,20.42335019885265],[93.08338101622103,20.51120061231851],[93.08697371606425,20.56894430473591],[93.00499810497861,20.647155551587456],[93.03685867398869,20.597358672564678],[93.08075486814275,20.578641760009283],[93.0736523670632,20.530347428690984],[93.02009848026078,20.42690151998919],[93.01304968219706,20.305198358417517],[92.95791957792628,20.234790666556076],[92.93725985635731,20.28208799416563],[92.95147206118675,20.226143130201354],[92.92090713285799,20.196703802338675],[92.91973123780645,20.24697099171798],[92.90904773886209,20.212323186266076],[92.8870541059623,20.21514265710803],[92.88152687176779,20.251800140663953],[92.89979839507993,20.25574816444625],[92.88006057933232,20.254845515808015],[92.88547509340088,20.21435308382776],[92.91134372063621,20.209994068071765],[92.92200453598059,20.190829382170325],[92.89809043772358,20.11275908156643],[92.854757542027,20.12708453442381],[92.76181108961013,20.19871189943466],[92.78599707360614,20.259156757778193],[92.86221730958125,20.300266152560894],[92.92936422517893,20.312654627609014],[92.92214560633475,20.324272147141972],[92.94884276458195,20.348383230202035],[92.93057668756418,20.399026724703603],[92.95057747497054,20.4110582408452],[92.92817054243667,20.39962824704594],[92.94647427496793,20.34556337984615],[92.92056651013641,20.328219859758775],[92.92677003990549,20.315699991061717],[92.87308325668698,20.31051068611934],[92.83558739094542,20.39357227893762],[92.91682816958445,20.379697485350764],[92.90588264956469,20.42424099532568],[92.9333331024408,20.43389755662693],[92.88885812080568,20.494503380126957],[92.93156278339583,20.4337833418278],[92.9031234656754,20.425845459600364],[92.91697093875791,20.38283837389193],[92.83998283374085,20.399919437631983],[92.86633339237221,20.40861681891116],[92.83869359982984,20.405188832598572],[92.83154722172696,20.381396493553336],[92.86554697930971,20.318470723145396],[92.830369027109,20.28946033502653],[92.77536840992425,20.285660630134025],[92.7591809809176,20.44476668103757],[92.79230003331993,20.44552143436674],[92.77843633556844,20.4650618947907],[92.80694443613683,20.500053898668543],[92.79249775466768,20.509371035145193],[92.76860191264834,20.478648089637716],[92.75212047188231,20.48002889072079],[92.7360647665758,20.517481882183194],[92.74315228674868,20.548710565939906],[92.71669124280673,20.603441242619244],[92.63893435323783,20.703045981387],[92.60160314706759,20.68935314762975],[92.58027075419196,20.722679064787094],[92.59871438256283,20.7339155343745],[92.58137411532321,20.735348240728765],[92.59186096221364,20.751368551417556],[92.56785729687682,20.78453478944898],[92.5730722720677,20.757134167108212],[92.58917587076988,20.75114687842577],[92.57960744662647,20.73435780297029],[92.5960928426106,20.73241651740839],[92.57780196139146,20.72268684662076],[92.59117681555769,20.695801816400724],[92.60919151227854,20.682308517923772],[92.63808464678907,20.69985006782645],[92.6943128844321,20.588212749019238],[92.73268510803139,20.55824818740398],[92.72211766030182,20.495611603892424],[92.74823464341407,20.41354291837106],[92.73158128464857,20.378524623712465],[92.73133733904697,20.320537506400868],[92.75552221327959,20.2467466423437],[92.7381997364287,20.242844326604445],[92.64974650469749,20.417616236600086],[92.53159694314442,20.54659694329438],[92.50879212985298,20.608490935908005],[92.3827616464329,20.703841489293303],[92.3861880688244,20.738334156296364],[92.30997110278427,20.91886184789605],[92.27400317080979,20.954001728197266],[92.26158628078232,21.072417212983993],[92.22501165896094,21.118309952442424],[92.20150510827419,21.123094475229895],[92.1999669015513,21.16097855041986],[92.17303046968051,21.167719731780274],[92.22017043122047,21.231556025290374],[92.19909246824288,21.326561320848366],[92.25859969971648,21.361255509734075],[92.26918949290081,21.427769856593656],[92.32905855760642,21.41999317424562],[92.34319739124673,21.465747753556016],[92.37806666374556,21.477455876187776],[92.38057407073684,21.479632838984383]]]]},"properties":{"ST":"Rakhine","ST_PCODE":"MMR012","ST_RG":"State","ST_MMR":"ရခိုင်ပြည်နယ်","PCode_V":9.4,"label_position":[93.63802696423683,19.551438258228814]}},{"type":"Feature","geometry":{"type":"MultiPolygon","coordinates":[[[[94.14216340201942,23.834781933239693],[94.16933139672665,23.927711050324778],[94.18832140191127,23.930824479865908],[94.20129655689068,23.981092512809262],[94.23676619880109,24.03029277169413],[94.22927670415663,24.055610345641004],[94.25509043317703,24.080928951110252],[94.26067558011403,24.16405006735687],[94.27742227232017,24.171680247445508],[94.28706052162583,24.228044277321608],[94.3233146520496,24.275955703393045],[94.32351627735439,24.326993481364124],[94.3507120746026,24.333369700751117],[94.38001372165598,24.37783580607766],[94.36278474641898,24.39251834284727],[94.39714709536226,24.408696075363657],[94.40988121584547,24.437266827202333],[94.39415882626889,24.48324505531507],[94.42629543408708,24.48805529421651],[94.45614869200858,24.570514993272354],[94.51050524532086,24.593283766232897],[94.54158315234065,24.642623144842347],[94.5439028060697,24.70497861107407],[94.56851015122254,24.70554552570547],[94.57928547274643,24.725089506975216],[94.5867808093869,24.704345485655647],[94.60864335980328,24.71519130503474],[94.6295062867858,24.759736860967397],[94.6342105387854,24.836013302771725],[94.71516423314289,24.934998307925635],[94.69731712598464,24.9618291890659],[94.74277765396563,25.03367489058376],[94.74005238081276,25.129577526981333],[94.6075827317577,25.1817306549458],[94.57769996977784,25.213692503806044],[94.63531782995396,25.39324972169737],[94.66959476218858,25.416260793600763],[94.6842400193615,25.465226454437364],[94.75278536994894,25.492692769555752],[94.78410351826287,25.48084166640985],[94.84712739841075,25.561944005211725],[94.89727783240608,25.567871094175704],[94.88191751797912,25.59342763867466],[94.91537770121998,25.609746800374566],[94.9360980775643,25.669226159159955],[95.04662066241373,25.75742532341996],[95.0497097374145,25.7974658469713],[95.00995817772775,25.86480090343901],[95.01167842521922,25.89705611744591],[95.0321017276127,25.928035638633844],[95.11273215886212,25.9738790340902],[95.18437160806333,26.068642539721512],[95.16479778908678,26.091521961669223],[95.11927828266671,26.100383360403786],[95.12334886425872,26.191840496841493],[95.14255518697236,26.211910178611912],[95.11393001625734,26.234478989114105],[95.12594348300543,26.252071640293995],[95.13006098582589,26.38171256538265],[95.09654483867341,26.401040201244356],[95.1032997077154,26.41991256431346],[95.08187502011619,26.449024063209993],[95.06344033190585,26.44938349974875],[95.11422397315789,26.51972672101142],[95.10637561034623,26.541338502669817],[95.15290725066916,26.58348148198485],[95.14715922571776,26.612045692154993],[95.2341703783603,26.68124440740354],[95.25431179275512,26.67899136465978],[95.25828198842311,26.655414154239846],[95.30255077529807,26.65250015565771],[95.43274160614027,26.701294348155674],[95.45737819634674,26.741182070596157],[95.48253670990131,26.74677308291149],[95.50664956012919,26.807985857960993],[95.54212707200685,26.834086958146642],[95.60697130588115,26.812370268772945],[95.63060352693128,26.87193720893509],[95.66833958360496,26.902564986385073],[95.72071070003881,26.880586595195265],[95.74797599059957,26.905157310961158],[95.75881676837923,26.96162211077184],[95.80017446058292,27.01351253687414],[95.87460777782674,27.012760685657152],[95.94603368660539,27.05072919459673],[96.01895858806849,27.173087508681647],[96.08985431232672,27.222908069551785],[96.30817648865411,27.29292736040939],[96.37650000617043,27.28289444272439],[96.45640180400011,27.305911280181483],[96.52041724515983,27.2856290508401],[96.59435338030433,27.333850689058128],[96.5914519614389,27.34799000203702],[96.61439076112481,27.365439759037713],[96.69674053874492,27.357643180088772],[96.70262564285918,27.372047357799374],[96.79920778810902,27.344412230939774],[96.84847292768353,27.270167853163965],[96.88421120068642,27.258565355906505],[96.88540423771546,27.229637342989054],[96.85535823079778,27.210127503581475],[96.85914112466322,27.190177341710967],[96.98449715701827,27.153552848884928],[97.06658535782805,27.09272996321727],[97.03583730504766,27.03619307285208],[97.00477065394256,27.038966880617142],[96.9859087598814,27.023710936110877],[96.94228785540027,27.044813065670485],[96.74098150779041,27.03924426211307],[96.71934580506492,27.001520473091436],[96.69660057905355,26.992921665602402],[96.64672839439993,27.007900231310664],[96.56956016956624,26.982381195735623],[96.52573400382128,26.996250234560694],[96.48412688284942,26.985155005299305],[96.46138165683804,27.00429427905777],[96.44925307057281,26.98308702684489],[96.42462142304032,26.98408224539936],[96.40543535305915,27.00665058465683],[96.3303004459089,27.019352105615205],[96.30373854389877,26.988490472057666],[96.25100371734773,26.982629539022078],[96.22834759616467,26.96934705422325],[96.24202016100168,26.954502875107664],[96.29959679985251,26.958112558647716],[96.31702141990267,26.93966007735077],[96.27795935514017,26.909579433943744],[96.28264788159453,26.876374665358583],[96.24514706868236,26.888874443201022],[96.23147559112567,26.869732484066947],[96.24827466434436,26.80136988381315],[96.2096026328553,26.79082154487845],[96.19133003575261,26.753267660274325],[96.10335326574068,26.72558122619268],[96.0744833751077,26.685287520103028],[96.09704367802341,26.671603398078386],[96.08261987890434,26.652001820627568],[96.13041782941934,26.635603121087215],[96.13736353639814,26.59462888091814],[96.18319944140114,26.524487323631153],[96.1762553999668,26.505041669737313],[96.00432257502688,26.479962708412305],[96.02028042779955,26.434829678446924],[95.99385990820826,26.402029244154342],[96.03014668672029,26.383290987988744],[96.04174655885669,26.351763130364244],[96.07131740807199,26.35486015627123],[96.0881460456036,26.32915825165202],[96.10913262217281,26.328286985755838],[96.0881460456036,26.287220253911652],[96.09753593723377,26.272779215688338],[96.0738692811425,26.265210239860725],[96.07505901316301,26.239928467025212],[96.08427942215768,26.251825771941867],[96.1059920034283,26.221487646337835],[96.12264419307513,26.229077994553847],[96.1363301299316,26.19144695171547],[96.11907904036548,26.171816399007636],[96.1561117984208,26.15496105970521],[96.15209405829422,26.095078785757373],[96.18451421336033,26.063550928132877],[96.17826812767203,26.019530900930356],[96.12205336457117,26.001982375885955],[96.11223808821728,25.918998676048094],[96.08517172229722,25.897583530255773],[96.10926376311221,25.88181960099382],[96.12473025689587,25.843450793919036],[96.1199713360084,25.787533460001214],[96.14882230130821,25.75957479394163],[96.19700638473694,25.75213898072945],[96.21574463820457,25.725370043992367],[96.19492435617417,25.686406373155663],[96.21633950286582,25.668560416230253],[96.15407924336245,25.626130930897784],[96.09132547728899,25.620672068561188],[96.06111078093784,25.569875790035724],[95.97619429772874,25.629857795201136],[95.95787056157724,25.611750784870882],[95.96044672443686,25.335330492408325],[95.99391822744428,25.273575934282],[95.9950636786459,25.215921467202012],[96.04508179538863,25.156357909390067],[96.0534817843569,25.091067088375492],[96.0760090245969,25.087630730274036],[96.07047266857887,24.9981899431114],[96.04336361633791,24.952753639269076],[96.00785457332995,24.953899091370026],[96.01281820239818,25.005062659314312],[96.04069088967287,25.016899006384108],[96.04722952032614,25.056751227187426],[96.01257956729324,25.091973907170154],[95.99310686538956,25.005205843075245],[95.90379527033554,24.99450484422323],[95.87597054840215,24.9644831972418],[95.8061722866218,24.95998887578605],[95.86554514679113,24.91560944082306],[95.88024917106247,24.88269967415067],[95.86931065136554,24.826016155621115],[95.9104613987746,24.748838738816808],[95.9120250347276,24.705607204808715],[95.95681704537043,24.717587995589565],[95.95838031080275,24.688940602626765],[95.97921450444592,24.66654402758486],[96.02693367974558,24.663175422607715],[96.02958801527471,24.681118675386582],[96.05986976058102,24.679811515289273],[96.057635362582,24.690566201868755],[96.0770623537447,24.67895324909324],[96.06944477225846,24.652480854807663],[96.0877671099642,24.652052067948595],[96.10753011572234,24.626204920121044],[96.090996945053,24.607014629621517],[96.1152062331812,24.569814991568645],[96.17779610410695,24.52907252917395],[96.20397765044831,24.550212690163566],[96.18488174829412,24.479768244808724],[96.27446923916409,24.522008752002364],[96.30664987868903,24.50606605010818],[96.33617340377964,24.52082781085483],[96.37418178056477,24.515211121096396],[96.42381996791727,24.551231364835633],[96.49861297980522,24.485583349292195],[96.53455917516584,24.497125324873885],[96.55609582116529,24.47186585342644],[96.59234920335314,24.48231727961883],[96.62997246435782,24.457674012845473],[96.63219526290113,24.430713365829202],[96.6454448873717,24.429838194177368],[96.63633567505144,24.40079629920991],[96.58224305837054,24.395733624207438],[96.59688327214536,24.36865946476252],[96.56232213705705,24.346902311292684],[96.57731809475435,24.312837696402593],[96.60333851316193,24.31798713889538],[96.59608263810331,24.270811145118337],[96.56740307639093,24.242208990752367],[96.66583578719191,24.15930291409825],[96.62740908985768,24.14574987455712],[96.5582257557141,24.154889701598513],[96.519187459134,24.101177097944745],[96.49299556429389,24.111250903306598],[96.45672986409204,24.100841303683307],[96.39007485157322,24.027918143307726],[96.43274093504618,23.99571036404212],[96.46867944390128,24.016805644365046],[96.50729156975018,24.005716392897284],[96.52694503268718,23.882211510652716],[96.55359819160333,23.861825861974022],[96.56064021957053,23.832685393216366],[96.53505522681735,23.812738244974057],[96.50726495341489,23.742120484073173],[96.43766595801759,23.69509304300958],[96.43732379925402,23.634512717088278],[96.39615829756741,23.594251515195307],[96.39255802003665,23.5695898599841],[96.36407985879852,23.616299096626044],[96.31548471684626,23.642068876677357],[96.26652330080977,23.625776198213046],[96.27370840461923,23.61455165903192],[96.25053865363599,23.57576750636537],[96.22812443389557,23.57727857784414],[96.21132442358333,23.600663860348906],[96.1691926741027,23.59364851256886],[96.14451184984205,23.56896768740886],[96.1421605849431,23.619237252797003],[96.12134209616083,23.63772141001511],[96.1364573786052,23.680100186174684],[96.1090016835809,23.682046156305145],[96.08079502856776,23.657617178190257],[96.0933872863942,23.643513848885046],[96.08382592642545,23.624117680186828],[96.03470736914983,23.602463092597702],[96.00993873868191,23.511802072008095],[95.97010223443061,23.532949421278836],[95.96683933396817,23.460582960135515],[95.9070349763831,23.408939864683077],[95.90409023897342,23.370291818112932],[95.95021258164535,23.331121308601542],[95.93066950959026,23.274637264198418],[95.95787517689797,23.252328716597052],[95.9591743294318,23.166064948238834],[95.98022061109235,23.159309353443962],[95.99503095591393,23.10890221156785],[95.97456921379825,23.0837888520739],[95.96706068140539,22.74531765508579],[95.9001106435914,22.7106158021776],[95.90466500108899,22.673131938788003],[95.99567604141625,22.527681351213467],[95.96078016607187,22.475115170928458],[95.95782845981564,22.415538141272243],[95.96409797733986,22.379007338917624],[96.01014916295357,22.318258400904543],[96.00975900827166,22.296382112444576],[95.97903665901465,22.285610583361798],[95.99413789314929,22.11082401981269],[96.02253537890464,22.04599572732099],[96.01367191172939,22.00339617029709],[96.02461017511958,21.977222957073877],[95.99149961141796,21.86959071144224],[95.92718711609257,21.851484937679793],[95.87230820595899,21.900119395293938],[95.711660279998,21.929849640348664],[95.5237213617515,21.906797110598227],[95.43155222575467,21.799571744340593],[95.40303646386178,21.790586274237228],[95.4207665881076,21.75601760462883],[95.36963076334911,21.703714479639583],[95.34201666983353,21.575944499638975],[95.30687692622922,21.64731539778745],[95.24297194519914,21.67454884425382],[95.2435054913854,21.7145747169497],[95.20636427688994,21.739534549579854],[95.16067563767058,21.811330981739445],[95.163629352113,21.834503188771183],[95.12035221887986,21.85582242456531],[94.99060237779754,21.82488434413722],[94.9053554791721,21.838873252698473],[94.85766035983777,21.864248279834268],[94.75439801535616,21.827489606360302],[94.6607072399472,21.872548890119223],[94.6110646648025,21.85934618867571],[94.5955742400592,21.833009820446932],[94.54888098526932,21.845394041701702],[94.54379820772121,21.7917537246547],[94.5052016374457,21.784137300595997],[94.45247470874087,21.823146672281155],[94.41416356979295,21.831693757960636],[94.42520044024822,21.963050051718543],[94.40846377638222,22.000874446098866],[94.43541128520269,22.0346316466332],[94.42497548203296,22.108161281917663],[94.41668735703598,22.13663312721711],[94.36045531436133,22.116994591227463],[94.32528119956777,22.144239180293994],[94.29752786941572,22.13663099042793],[94.27074933871107,22.19041073206966],[94.24486231494393,22.295962317007355],[94.26762262798195,22.31493087875709],[94.26092668881567,22.39705154059618],[94.28141591960906,22.467702599795196],[94.25454516342859,22.507947466402523],[94.24463349593913,22.565532811590067],[94.17277820674889,22.688935834820988],[94.11654548508614,22.69853044092714],[94.11574752023192,22.72617531014248],[94.09735430066053,22.732226391334958],[94.11966870464704,22.734904656025098],[94.11877548000444,22.76860094997392],[94.10159322184978,22.770609008399045],[94.10932873323453,22.759472616268283],[94.05741138322884,22.730886739631387],[94.0078732013872,22.737134157215625],[93.98734191020104,22.830412210355306],[94.01255715029231,22.8359915305847],[94.0172428312917,22.852728183658822],[94.01121666401787,22.910078714061438],[93.9895708259329,22.946675605794614],[94.02549702936449,22.951362508972643],[94.0172402889083,22.968768386252066],[93.98960676284189,22.972425480251804],[94.00247758657143,23.067384761997243],[93.97697012077452,23.090110324332056],[93.96665122767207,23.16130277180555],[93.94618823819667,23.179874404280387],[93.96321164819912,23.186065347138076],[93.95736430212087,23.225272772920153],[93.99037968157711,23.228712629384397],[94.01045536092624,23.29049020026257],[94.00340627058296,23.371261025575915],[93.95500787961004,23.4007797608773],[94.00372120237165,23.39409055583451],[94.02073528370643,23.36597420804333],[94.03387264130942,23.481653307654092],[94.00970948210698,23.543988781057458],[94.04480924185312,23.571547272188923],[94.08955944661126,23.513208474091876],[94.08841447564761,23.53921288636564],[94.11813156092283,23.556966868726075],[94.1280642518638,23.665187511094825],[94.14974273893631,23.69113821315807],[94.13726055902765,23.703948874940707],[94.15302636157736,23.739097032602047],[94.137545157583,23.82753437241342],[94.14216340201942,23.834781933239693]]]]},"properties":{"ST":"Sagaing","ST_PCODE":"MMR005","ST_RG":"Region","ST_MMR":"စစ်ကိုင်းတိုင်းဒေသကြီး","PCode_V":9.4,"label_position":[95.58632910650832,24.265798408670737]}},{"type":"Feature","geometry":{"type":"MultiPolygon","coordinates":[[[[97.63830583584569,23.86323598005646],[97.64784740983015,23.843957797914097],[97.68492717814686,23.881317648390777],[97.71087411115138,23.8665733695654],[97.70290193957297,23.88174505658913],[97.76451700475606,23.90936501008718],[97.79407968273125,23.9568563700255],[97.8121907849768,23.963669229151684],[97.81562471131143,23.946722510635443],[97.82007507120761,23.971090573171473],[97.83665267468128,23.96216858261403],[97.86172674279496,23.983353078381906],[97.89536734892411,23.97699280937072],[97.8834495295722,23.996477832885727],[97.89678939111758,24.015438728814342],[97.9760752549691,24.033133056445426],[98.08732888432064,24.08907537982499],[98.22044226989489,24.116231178825917],[98.36103654540031,24.099592989824657],[98.37414629561512,24.11577775503942],[98.4414294018455,24.127529877002264],[98.54556086014566,24.13053728366875],[98.59456722789533,24.082533409089585],[98.6466755201592,24.10748858772819],[98.68443220907929,24.103288326595017],[98.71737197893373,24.130668710592555],[98.83812852401226,24.129700326009328],[98.88376471207188,24.153116309570066],[98.89921092884134,24.113293805964418],[98.8637131219631,24.06570168418545],[98.80632609257516,24.025032449987624],[98.77338888758717,24.0266483500414],[98.76885882437527,23.995938227067594],[98.73551400077062,23.97108964057454],[98.70069299938245,23.98682138939563],[98.67762326919858,23.96288238441457],[98.70669864412721,23.93740799028657],[98.68259494360186,23.911670822350644],[98.70459847174216,23.843260860200587],[98.69516697927278,23.81516101496894],[98.67356655155517,23.808992592933876],[98.69967420689922,23.785862573099333],[98.71906401199459,23.79344250716605],[98.80763203499052,23.769242331868192],[98.8464240935971,23.640362279095957],[98.89085943941168,23.615126660367135],[98.87745359190978,23.588707318887757],[98.80297902096513,23.539213255087724],[98.8234425824093,23.4835485928933],[98.87501757040462,23.486297859958327],[98.9193584451362,23.418077588210167],[98.91862371341372,23.352835607577266],[98.90231427608305,23.35639319429057],[98.87801726358589,23.3304560935739],[98.90647876758115,23.33530600157078],[98.94505999272455,23.30956068577709],[98.92599220337755,23.293357124731614],[98.93008489390282,23.26975521982758],[98.8903591447588,23.213595830683087],[98.88605101983876,23.18197124287858],[98.92390117080244,23.187553430146785],[99.00269572512772,23.163396796425065],[99.0605196640513,23.171880151647706],[99.04826023092501,23.12332750176286],[99.10641021096251,23.091706989685846],[99.14608431743738,23.10856470409791],[99.17497066566378,23.094866860217458],[99.20030192009763,23.113198349424376],[99.21708248077194,23.092711070159847],[99.25988967057194,23.08242508415037],[99.26565014303975,23.101453324911066],[99.3088952307304,23.104034643584],[99.3284345499146,23.13550789257525],[99.34485251203388,23.136698367435777],[99.38547003341537,23.100525613965967],[99.50990659171592,23.083624984805283],[99.53273429185415,23.05176361629789],[99.51801658259926,23.032980143119183],[99.52129669698503,22.994210290572518],[99.56572167541505,22.93233732860491],[99.55999665961822,22.907611758575854],[99.53374192644877,22.899859732041087],[99.44209113809562,22.941721335970964],[99.43574124905946,22.9124346446432],[99.4609867153647,22.845716473636386],[99.40013524204785,22.827649170173128],[99.3836481319558,22.764623423032614],[99.31430943633151,22.738088432335363],[99.35912845991055,22.663932028940085],[99.38288727402852,22.580520027877025],[99.35804759891761,22.53459717461999],[99.37993408568957,22.494962381109097],[99.2993107500911,22.41726763829094],[99.24848334782834,22.39248867641136],[99.27736473539427,22.34996190421858],[99.2371508396396,22.30713141118571],[99.23352443770266,22.24948793112317],[99.17653729635917,22.19276959174337],[99.19583704244558,22.1694216931567],[99.15571632364947,22.162689066147546],[99.27402330523144,22.100115595258586],[99.28836076943402,22.111878831043303],[99.32573498028519,22.095032053286666],[99.41033324108628,22.099034858372068],[99.473886904657,22.135191685747756],[99.52175142928509,22.09740714662258],[99.56201763860322,22.116237843201937],[99.57306028000797,22.10093486055545],[99.5924269860167,22.114885576708076],[99.6152622980167,22.096008636989055],[99.6516798640346,22.10533556168691],[99.6681460460033,22.077415577267118],[99.69553056688224,22.072873902008993],[99.68989995471921,22.04553376177377],[99.70144670120439,22.04051600071289],[99.74247271534358,22.072482695120396],[99.85369396010823,22.024155368575457],[99.87899564123592,22.039898795992734],[99.86187699842485,22.059199740875407],[99.87860716918554,22.069223373060257],[99.97130095977157,22.058051383964266],[99.96123562242613,22.025798470423137],[99.99646342314848,21.97360020458583],[99.94416285493183,21.86087451634591],[99.94545066791405,21.814990563263986],[99.98249217457423,21.717240731974265],[100.03218259275253,21.6944431105612],[100.03155571672302,21.676082489615247],[100.05046157594103,21.66712239927937],[100.07111396263936,21.692589257088585],[100.11640558624886,21.705593282104363],[100.16820908658013,21.66571276413282],[100.17121869029039,21.649518396856596],[100.15260722774146,21.650432069384504],[100.10674230611261,21.593399287447212],[100.12593846468843,21.511893240280887],[100.1692968381786,21.485120901408557],[100.17928125632501,21.5169447708845],[100.19944005011824,21.515517094438426],[100.24760414791312,21.467021775434667],[100.29676190843539,21.480921634925554],[100.34935751543702,21.531478518418993],[100.39052028678184,21.523197993592593],[100.43160310839681,21.541643576190157],[100.48210859563525,21.45811878395475],[100.53610903540375,21.472852406713262],[100.58626045955265,21.453418872982628],[100.63911875762463,21.482714796750543],[100.6734401037778,21.482086619402025],[100.7000227819259,21.51466568737163],[100.72247222901026,21.51272455829179],[100.77200689630125,21.571813238090513],[100.79304513892208,21.57118505984266],[100.81051990067294,21.619708932321444],[100.84588059421414,21.638040300119837],[100.8847705053546,21.687877635144815],[101.01221055107615,21.70866791669108],[101.10014218321527,21.777816501930097],[101.12161681916093,21.774961149037857],[101.11543022002873,21.69207857256813],[101.15205012541304,21.67167469643016],[101.16210334799118,21.64024201585642],[101.16953916300201,21.596745468728443],[101.13818976504572,21.573242342660045],[101.16341205132518,21.52664654740031],[101.09132628028368,21.46180028555479],[101.06015534109618,21.456149066326446],[101.0001334384075,21.387477821444342],[100.88652402956038,21.349297016744007],[100.84740931758596,21.303798126382535],[100.8106704408882,21.292947784312847],[100.72537152277762,21.3136966835552],[100.69658956155904,21.17383196687186],[100.6449907424289,21.10413774586035],[100.63803578592288,21.063463047381806],[100.5980422816261,21.030133936731854],[100.5458131123853,21.024780149384405],[100.55063706774659,20.9887458744226],[100.52520063040483,20.96272051873699],[100.50907978180653,20.89303800330131],[100.5442601127141,20.871027988351077],[100.63597643736274,20.89928408809027],[100.64787374227943,20.880069940375527],[100.5694942961249,20.82393250638012],[100.3637442301122,20.82494852985082],[100.3306083091262,20.786378663144852],[100.2545488377587,20.750972283144392],[100.1762288790596,20.638304804423246],[100.1273904417156,20.484056242801376],[100.1220128601055,20.40311887743429],[100.08463945864419,20.356592481957556],[100.07811378722157,20.38030678592945],[100.06618673902682,20.37542889013123],[100.07162975620831,20.389348737953917],[99.98997855126918,20.41810452440433],[99.9604434905747,20.464929342814965],[99.87043374731964,20.44338448240797],[99.81090031589692,20.33635814061576],[99.731027431271,20.350712926660282],[99.68108967344972,20.317466707422675],[99.64415958559647,20.34452564044602],[99.61348365664547,20.33207319841945],[99.45730273703174,20.392639283576116],[99.45656803228897,20.363038922208535],[99.50978174962809,20.317324584861794],[99.52302985334511,20.233319229998543],[99.56566339125257,20.206447650039106],[99.53923947672055,20.159453295033614],[99.5127500645639,20.152249457446562],[99.48322696485263,20.109912916148236],[99.37732046876472,20.0899129965876],[99.32955098359113,20.06376422423959],[99.21259353636265,20.131287448556993],[99.15590650058459,20.130400276351754],[99.12658106736248,20.11880708258088],[99.13143260942746,20.10403905176089],[99.07853664864747,20.101221497374247],[99.04375575792193,20.03618745258897],[99.05499543988773,20.003031546868442],[99.03202086966745,19.975762848776537],[99.04423686733767,19.94852234443072],[99.02279036308481,19.90649288833617],[99.03610347699389,19.8645650286532],[99.00868745556168,19.788540661422427],[98.93198704186854,19.764207917961066],[98.9164286166874,19.741463690197207],[98.83911559920558,19.814501952103473],[98.78339020129684,19.752778447567394],[98.71186322670663,19.769321358793746],[98.6251582851268,19.72915494634374],[98.6121992936625,19.7083789019648],[98.57204964457547,19.70292400024251],[98.56767077178876,19.671514147160238],[98.50859967013872,19.71575634917622],[98.43974743759425,19.686233585811415],[98.39200590514842,19.70500796774356],[98.3702296230987,19.689322460263387],[98.3370141471852,19.69932546200052],[98.25196479813704,19.67541225227364],[98.23145867897492,19.72623190597771],[98.19240706793192,19.738926289916392],[98.18310386195374,19.760938588245352],[98.13876796317103,19.786876561304343],[98.1014373091845,19.772300561821506],[98.08353389727162,19.809363557782017],[98.04834250020629,19.81511051883541],[98.03430543744606,19.804614625664502],[98.02524374979932,19.723739068902944],[98.0475684618151,19.653245944145063],[97.97223693678525,19.63454278582093],[97.96097031922487,19.59300766187415],[97.86325691407541,19.574802387120545],[97.84860219423594,19.609042994838383],[97.85857210631771,19.63540435162958],[97.83073605832249,19.655504202057337],[97.796340715052,19.647061981825058],[97.74674411684761,19.67573712606759],[97.735898684177,19.656297590261648],[97.69323166720774,19.670392867936517],[97.6759697677906,19.66155421665382],[97.60588232271107,19.68704022013008],[97.59291650089585,19.716192014050254],[97.56177319337826,19.732244392764592],[97.59247782509165,19.830980276718435],[97.54686525772553,19.833673577173894],[97.52784160980252,19.865388738399588],[97.54052910763225,19.880597905568944],[97.5169198741529,19.897443452153652],[97.44286121627216,19.87966343082276],[97.43224515838739,19.90308169776222],[97.39985051618847,19.917718643400747],[97.38474740157137,19.962296598309422],[97.3521785292158,19.955604364349995],[97.3294198844202,19.897550300605936],[97.25892805378669,19.891797702601927],[97.22184166376184,19.907571805894182],[97.20926069422569,19.989355192288365],[97.14711164668523,19.99244862630309],[97.15705455392458,19.95579169942744],[97.14091606422507,19.903113228892433],[97.16171419775209,19.835508340737352],[97.1468538110546,19.832926018421063],[97.1340648184367,19.799126536260694],[97.15925757727543,19.76793081895221],[97.11609932632291,19.75071106266546],[97.12803847579512,19.715040243312632],[97.01530988184561,19.69072459506406],[97.01572958375334,19.64966012501482],[96.96399500386637,19.628305251786003],[96.94480330322996,19.586385725221085],[96.89871020201429,19.557081115800873],[96.90825076426142,19.530887487967224],[96.87607731481627,19.52239424469866],[96.87359987683288,19.507267980632836],[96.90995293897703,19.480619710431366],[96.9061867329314,19.46303735199223],[96.94389538006777,19.457437188175717],[96.96586725117277,19.427100164241214],[96.88867654238855,19.374573944432026],[96.86278709225057,19.299321913175785],[96.80117582310582,19.404325354131856],[96.72775849066187,19.448485852739974],[96.68530725162844,19.44901319720133],[96.69028341005139,19.46948615116497],[96.64878657114338,19.576261427422992],[96.55167200655791,19.59225281411615],[96.54551104799651,19.61746015815982],[96.65606871270097,19.69502815502541],[96.63295157295681,19.72603041736994],[96.60735157501523,19.732303103205698],[96.52302724681005,19.85690111499451],[96.45353891209118,19.85043144165774],[96.44386479062761,19.87695498398541],[96.45519445875732,19.89464000093533],[96.3634853358796,20.012998581119685],[96.40260108836958,20.030508091775076],[96.42844963104568,20.019506454059634],[96.44302169779321,20.05187788205866],[96.46781348040786,20.055974958577522],[96.47583933341855,20.069997679849113],[96.45282920580325,20.089269546052787],[96.44090466761641,20.13640790500084],[96.5467891590925,20.22185705665788],[96.49468807759274,20.31952099190034],[96.50028401189769,20.338010511775742],[96.47458457681684,20.36964606861125],[96.46125221291935,20.426733016715378],[96.47346659810509,20.470582998306774],[96.49510733343675,20.479475095399373],[96.49241036914329,20.508291283915685],[96.54358853038646,20.512494900419355],[96.55284488258532,20.597505985113173],[96.51698492861162,20.57926379229025],[96.51327690960176,20.601949482282812],[96.47228798080573,20.62394151978538],[96.4392727182614,20.69248153829238],[96.46069128687344,20.703424414305353],[96.45501487133932,20.730665195642302],[96.48313331634957,20.75367546085392],[96.47862018827112,20.769296445574522],[96.5639255509235,20.782562014125695],[96.5735493813989,20.871394786740048],[96.54974158570565,20.893274013285133],[96.52295107693074,20.886804564778902],[96.50748325934501,20.921381922737563],[96.46786279473223,20.90268501110444],[96.43383990119055,20.91806983925175],[96.42772181510976,20.942996932062844],[96.38910104317863,20.929471930685096],[96.24575603381398,20.980333045833444],[96.24401645359654,21.00177939270485],[96.21832846958324,21.00524693929487],[96.2036073330121,21.071012256110805],[96.230196131946,21.088529398413062],[96.2176800350057,21.12889293775891],[96.2323946254117,21.151044798278864],[96.29356308456875,21.173436821851908],[96.36279868461166,21.15959707034859],[96.37744185355875,21.175742573860763],[96.36542320221905,21.21544824204278],[96.3363673560687,21.240681169100693],[96.31318853991924,21.35101105081941],[96.29062754722361,21.357055988742957],[96.3057115431533,21.371038252213626],[96.28708233158439,21.463271149244186],[96.31780309983327,21.462503129116154],[96.34147058689815,21.488813090551734],[96.32056796923645,21.535464952245775],[96.34084367399642,21.55082533592059],[96.46566200259939,21.556283955440215],[96.54461623335254,21.59894600455454],[96.58087989119406,21.595266633448436],[96.68306449173298,21.711452281597595],[96.70401549471939,21.72571380165067],[96.737882551039,21.70459159292773],[96.76637045283417,21.715825905940843],[96.80672264093721,21.744752883738666],[96.80700504334811,21.774346991220742],[96.84921073868469,21.74135017377153],[96.89598273541498,21.742845526000274],[96.87567682782338,21.82303407086573],[96.84369468036529,21.846334458268714],[96.8569618560049,21.869218945198224],[96.75467094570763,22.00699436409865],[96.75386615769708,22.07091274322857],[96.71610362498234,22.09011542278858],[96.65578273998155,22.08947179778528],[96.63853619109238,22.111299390654388],[96.5584257748297,22.110341746674305],[96.54798808668092,22.1395672751097],[96.49470003767664,22.142848918342956],[96.48008727660658,22.160145658395486],[96.4726201238197,22.256334408706042],[96.40931486019271,22.36402700514226],[96.32931746802677,22.368091196151845],[96.32010347209763,22.453665599987527],[96.33365442701023,22.46723356557664],[96.3314495177811,22.503961505619028],[96.28959808788153,22.52882938077136],[96.29765001763431,22.573115000257136],[96.239900520093,22.639295663564102],[96.24173383035209,22.70038023935659],[96.21824903156761,22.692775637785516],[96.22384065092537,22.711339813981287],[96.20415815427543,22.73750858815089],[96.27282323070762,22.793201108644322],[96.28670436901149,22.780102669202844],[96.35573733381096,22.778108397384706],[96.38176517072613,22.801526870268884],[96.39237203843891,22.791896399199523],[96.39503212603182,22.806495592197845],[96.45756232873856,22.78481135306157],[96.53970907181629,22.83028207575723],[96.60877036975683,22.81559381210479],[96.64026037941306,22.824067797291022],[96.71637531376977,22.944265286014176],[96.67988406989396,22.985456151280403],[96.62392235083587,22.979600779652284],[96.54406912808786,23.02027321273864],[96.51517295656676,23.053216932415523],[96.4704093150379,23.02264411073719],[96.45470996609214,23.033502410008285],[96.33532489342917,23.004247756129065],[96.21247081277784,23.02488113475664],[96.19304850528437,23.043943402266276],[96.20447578762753,23.067910850105708],[96.19410125796674,23.090742012633832],[96.15254371571997,23.12413187608524],[96.19841603607127,23.298364750432935],[96.16542432227473,23.32908985791066],[96.1891689253057,23.356515961642337],[96.21478254437896,23.331802443428025],[96.23369024720724,23.339654947617813],[96.22761901310702,23.36814285570829],[96.2467285831576,23.402410512335326],[96.30360390009997,23.428225908698774],[96.29237932494594,23.45725054567617],[96.31721273088289,23.476640571105516],[96.3099727738245,23.49817836194189],[96.3909279808417,23.56508457579257],[96.39615829756741,23.594251515195307],[96.43732379925402,23.634512717088278],[96.43766595801759,23.69509304300958],[96.50726495341489,23.742120484073173],[96.53505522681735,23.812738244974057],[96.55931668461739,23.82250382928834],[96.55721824342724,23.855844192255734],[96.52694503268718,23.882211510652716],[96.50729156975018,24.005716392897284],[96.46867944390128,24.016805644365046],[96.43274093504618,23.99571036404212],[96.3900748515732,24.02433634684496],[96.45672986409204,24.100841303683307],[96.49299556429389,24.111250903306598],[96.519187459134,24.101177097944745],[96.5582257557141,24.154889701598513],[96.62740908985768,24.14574987455712],[96.6656587790295,24.156412090145913],[96.69485262075192,24.10866702876041],[96.67671397676868,24.074086976432845],[96.69882770063793,24.06733137084615],[96.70312669294259,24.038060867315203],[96.67890006858333,23.99991867500688],[96.74518376182124,23.992406526440107],[96.80919808512358,24.02104370939968],[96.85066787692104,24.020711899134888],[96.85929648974127,24.0021399842729],[96.83204104405898,23.956197488923003],[96.84522455307075,23.944102185667365],[96.83917815644685,23.89499466667059],[96.87677955583189,23.875005722436185],[96.88423342922944,23.835542606805923],[96.85298343603684,23.785272625930993],[96.793710418601,23.784570401103164],[96.77790287311916,23.74966609731256],[96.85628666479779,23.7322672608255],[96.87563893398965,23.714612715604403],[96.97464527915639,23.716191931412542],[97.0029313173265,23.702043523589793],[97.01465797408628,23.64403343579449],[97.08857160819322,23.634103801649175],[97.14102744615981,23.665807727644577],[97.13771994382039,23.684667311347365],[97.1785561272635,23.67035081214033],[97.21897310972128,23.699083394283257],[97.23290429259907,23.680509605234132],[97.26863655093617,23.712487976439032],[97.30364796038513,23.698472920089216],[97.32070730100122,23.719529805656055],[97.34429700570229,23.694513007269506],[97.34565162392335,23.723455424628185],[97.37265096606929,23.745411947903097],[97.40858625715009,23.738965918642293],[97.46350669887511,23.77405738843777],[97.4531547880631,23.798572034172093],[97.47549999023242,23.81864717392796],[97.59966810629811,23.820570071951305],[97.63769734915343,23.86224192162745],[97.63830583584569,23.86323598005646]]]]},"properties":{"ST":"Shan","ST_PCODE":"MMR222","ST_RG":"State","ST_MMR":"ရှမ်းပြည်နယ်","PCode_V":9.4,"label_position":[97.93893135245992,21.70063726255551]}},{"type":"Feature","geometry":{"type":"MultiPolygon","coordinates":[[[[97.97215505890898,9.63978219848974],[97.973328755118,9.60588355708055],[97.95094289459894,9.635210081180364],[97.97063237358519,9.64227312540443],[97.97215505890898,9.63978219848974]]],[[[98.09251191559245,9.652136934571928],[98.09572687859263,9.638630753306629],[98.07466362762435,9.646801323422402],[98.0912692539729,9.654688523456642],[98.09251191559245,9.652136934571928]]],[[[98.0399288415429,9.640203205313721],[98.0378175067726,9.656159775653158],[98.04059503952953,9.642904708485553],[98.0399288415429,9.640203205313721]]],[[[98.10918258990465,9.704990465337712],[98.07961331810023,9.704989690122176],[98.10950225752325,9.727438683048803],[98.10929062816005,9.708863219462035],[98.10918258990465,9.704990465337712]]],[[[98.15823323757392,9.767653139081197],[98.15690584003252,9.754390076940552],[98.15602072457683,9.768182881135065],[98.15823323757392,9.767653139081197]]],[[[98.03250315649551,9.77190653395937],[98.01723973052917,9.767126729914718],[98.03252454956842,9.771933277099073],[98.03250315649551,9.77190653395937]]],[[[98.11254219446676,9.807283530410679],[98.11536867462468,9.779615794133608],[98.10231420213874,9.797995893495756],[98.11196221088737,9.807425986620085],[98.11254219446676,9.807283530410679]]],[[[98.11434894594719,9.824895856958257],[98.11347465293292,9.822045891005157],[98.11292974920856,9.821402524107267],[98.1126663018084,9.821495759521678],[98.11242554250488,9.822422987530896],[98.11183878703045,9.822939110251813],[98.11162801382179,9.823124512686107],[98.10929836682621,9.822940162458579],[98.10887560812287,9.824358079461856],[98.10925502759747,9.825103234326868],[98.11039812887057,9.825849060985433],[98.11102054066548,9.82673747515442],[98.11236518810306,9.827289816272064],[98.11188821556878,9.829673391114188],[98.11261814581081,9.831776270458622],[98.11349797055489,9.832461280463786],[98.11413063552047,9.832163563497684],[98.11521996992572,9.83031086745266],[98.11535332769402,9.828509937283844],[98.1158886527392,9.827186597483525],[98.1157685015152,9.826914861931332],[98.11541003084828,9.826104132100063],[98.11434894594719,9.824895856958257]]],[[[98.01548964173368,9.846700889434587],[98.05784668757458,9.831220165678086],[98.06291168552595,9.804876365451939],[98.0493761045237,9.78887143047212],[98.00837287201055,9.800044273924144],[98.01356049252281,9.846403834369507],[98.01548964173368,9.846700889434587]]],[[[98.23443197165827,9.925957519923653],[98.22828643107403,9.938648814691117],[98.23322251750527,9.929305530426],[98.23443197165827,9.925957519923653]]],[[[98.5261472985591,9.960005810320002],[98.54864769043864,9.954549931933862],[98.52165429101281,9.926844242467844],[98.5253236085977,9.96098200191787],[98.5261472985591,9.960005810320002]]],[[[98.55707912779972,9.980440453164427],[98.55708221517213,9.980362217542357],[98.55739028963025,9.98023059366718],[98.55741868212661,9.980105343287157],[98.55741185866472,9.98004342188191],[98.55769661310839,9.979983941106227],[98.55796907154402,9.97967333515993],[98.55830700628164,9.979288085428614],[98.55835062078458,9.979210689621695],[98.55842124364565,9.978995208462202],[98.558382470275,9.978839735465591],[98.55835754466526,9.978610616087188],[98.5583630835896,9.97829694065134],[98.55833677302368,9.978168743193002],[98.55814844689344,9.977931439984097],[98.55804320552946,9.977675044168052],[98.55809747961513,9.977490396264862],[98.55795735085134,9.977254990625525],[98.55785487939922,9.977178617499213],[98.55779671934343,9.97714861341786],[98.55778010256986,9.977072240291903],[98.55787426608472,9.977034053279063],[98.55798227646119,9.976944041934196],[98.5579670065014,9.976853807403415],[98.5578654933055,9.976632247590075],[98.55784103163832,9.976594905330657],[98.55773717523059,9.976371239441292],[98.557609316969,9.976184948333064],[98.5574685333463,9.975979824809208],[98.55734529025305,9.976035741056663],[98.5572289710403,9.976324870396688],[98.55683293119502,9.976633092343498],[98.55678006927715,9.976806634135635],[98.55662040250971,9.97692633608159],[98.55654487124518,9.977670367669397],[98.55650889916653,9.977781421375717],[98.55645350902232,9.978196018731452],[98.55638656978452,9.978746370548727],[98.55640276283631,9.979070226991368],[98.55635200421634,9.979570232080611],[98.55625331993497,9.979964655144776],[98.55620148571015,9.98024974472996],[98.55642464168393,9.980326332794206],[98.55665429795766,9.980419016924266],[98.55687352569274,9.980405347229024],[98.55693401859028,9.980470841256292],[98.55707912779972,9.980440453164427]]],[[[98.49471478615847,9.97261953496363],[98.49253196158084,9.972587656695072],[98.49123725259726,9.973077106423375],[98.49058909411144,9.9740881782269],[98.49011791950642,9.975703418178202],[98.48924052652913,9.97656884747434],[98.48932631016115,9.97740968750714],[98.49025829918124,9.978105266345047],[98.49215608183778,9.978593411156996],[98.49351542959347,9.97986273947394],[98.49419460209926,9.980496935085522],[98.49506523757071,9.980754685280576],[98.49611930416259,9.980632733613767],[98.49651800420258,9.979616860329873],[98.49613636789914,9.977323490186926],[98.49627579699053,9.974467278442209],[98.49678810118995,9.972649815136933],[98.49471478615847,9.97261953496363]]],[[[98.56014036608516,9.983653298261238],[98.55992398470417,9.983598119457668],[98.55947962788261,9.983739292334612],[98.55930300593329,9.984188878160069],[98.55926756877518,9.984279082373057],[98.55925209490856,9.984297634628255],[98.55914131462005,9.984444922894994],[98.55916070130564,9.984739499428471],[98.55923500329297,9.985215135570144],[98.55926460117355,9.985309453731425],[98.55926463275975,9.985392084819885],[98.55926647057126,9.990199882518688],[98.5597160428997,9.990947800448943],[98.56007325058019,9.991542058619082],[98.56023238001906,9.991577765153522],[98.56069690233718,9.991681997797727],[98.56087601511601,9.991722188328453],[98.56102025917787,9.991664602939196],[98.5616499419913,9.99141321814568],[98.56181820969873,9.991057550596402],[98.56184921556886,9.990992013470809],[98.56076482208354,9.990123288450533],[98.56058021873245,9.98997539974392],[98.56054942193028,9.989950727931593],[98.56044019758852,9.989863226558867],[98.56040520113932,9.989835190341786],[98.56038718771079,9.989642976912435],[98.56033463096438,9.989082166818783],[98.56032942516289,9.989026617984095],[98.56040952786141,9.988901211444364],[98.56103583183827,9.98792068748989],[98.56277007008283,9.986920623388137],[98.56281210717309,9.986753976029114],[98.56293786763256,9.986255424670162],[98.56294564472601,9.986224593989931],[98.56266131057122,9.985365741435878],[98.56194545561848,9.984554057423964],[98.56087189442263,9.983839849129858],[98.5608275834313,9.983828549152193],[98.56014036608516,9.983653298261238]]],[[[98.48060820220684,9.997953100655174],[98.49713043352274,9.996242444433342],[98.49421212179206,9.985091527352171],[98.47361380143592,9.981855173077822],[98.47896514352662,9.996955355904976],[98.48060820220684,9.997953100655174]]],[[[98.51176985229685,10.025334349800449],[98.5213507122656,10.016520866944475],[98.50488960696987,10.008723241184633],[98.5106419108955,10.028076990660647],[98.51176985229685,10.025334349800449]]],[[[98.22268081107065,10.057017344974536],[98.21265147448595,10.04479565099857],[98.22118614952127,10.057490047527725],[98.22268081107065,10.057017344974536]]],[[[97.99122510915156,10.036271119416615],[97.99131173454899,10.05762403392206],[97.99135051511423,10.036392088124465],[97.99122510915156,10.036271119416615]]],[[[98.26268427985572,10.061690656698449],[98.29735985277506,10.051494887978748],[98.26637733954267,10.046576319441577],[98.29891629415174,10.037337170374169],[98.30341435318995,10.01907565741574],[98.26044079960322,10.013348689190668],[98.2496952519344,9.949683819053043],[98.2326919408805,9.959715213286543],[98.22708858357133,9.940151964941254],[98.16862847052755,9.919124609513194],[98.17085044169461,9.901642373496763],[98.15792654897113,9.900571865499227],[98.170879462817,9.885748859122575],[98.15440565549667,9.860745939973178],[98.13747396914842,9.840690310109753],[98.1308890737718,9.859187722435511],[98.11602841188177,9.847937446456076],[98.12571141415049,9.963463267415914],[98.14819689257253,9.957053082433895],[98.17941265666879,10.029546987403556],[98.21544207709024,10.029360261167128],[98.24086230415205,10.062318807067324],[98.26259401400262,10.062473570498906],[98.26268427985572,10.061690656698449]]],[[[97.98318362592363,10.076507820179778],[97.9931816175377,10.079784675422484],[97.98936310152595,10.064621277450033],[97.98221067997893,10.077209355227609],[97.98318362592363,10.076507820179778]]],[[[98.32200717189353,10.10595254127676],[98.32317870972979,10.105280441938888],[98.32370680602439,10.104259816637281],[98.32385183159683,10.103108711397976],[98.32197404716462,10.101920514520199],[98.32115043544428,10.100917330670342],[98.32085289654401,10.101045993977461],[98.32040493254158,10.102642997476416],[98.31969329810727,10.103784881067476],[98.31957852752711,10.1038586110861],[98.3181136281415,10.104799691352703],[98.31827378750532,10.105377860999528],[98.32023098567151,10.105339852951886],[98.32037225207782,10.105337110019693],[98.32200717189353,10.10595254127676]]],[[[98.62783432759223,10.10363797950918],[98.62626652058356,10.1035832764471],[98.6253530827786,10.104618221653613],[98.62550061296294,10.10643006959205],[98.62631300564078,10.107521929293636],[98.62750170074295,10.108171550976394],[98.63023904009974,10.108365532043692],[98.63096788755804,10.108417181907456],[98.63213488471722,10.108140827437303],[98.63333993309155,10.107315153571491],[98.63341020072023,10.106365580107454],[98.63252704758526,10.105367032262777],[98.63147063915875,10.105239006574948],[98.63061993356318,10.105135906496962],[98.62783432759223,10.10363797950918]]],[[[98.62532118292634,10.102065223531284],[98.63411498681718,10.12243246128913],[98.62451680050992,10.1028210551476],[98.62532118292634,10.102065223531284]]],[[[98.62507139712736,10.117389543492624],[98.62451333092558,10.117371766593827],[98.62432935211801,10.117689554629269],[98.6249610835872,10.119183427473274],[98.62696696655235,10.120407790587102],[98.62877779376016,10.122069970652689],[98.62913064816088,10.122393860588272],[98.63039642775306,10.122836805474286],[98.6310308077257,10.122448929674452],[98.63113928754815,10.121638356325121],[98.63030814670374,10.12021422230854],[98.62993240006024,10.119570393159169],[98.62798207271449,10.118391335191998],[98.62507139712736,10.117389543492624]]],[[[98.31539424285006,10.129600682125858],[98.30664565867029,10.142094265438026],[98.31619634098845,10.13057592314038],[98.31539424285006,10.129600682125858]]],[[[98.32294285442924,10.137779454957915],[98.33439354252803,10.127692741626756],[98.32243666561972,10.138477173282986],[98.32294285442924,10.137779454957915]]],[[[98.27788515887302,10.139143244465195],[98.28942795283776,10.120488418405834],[98.31297203852886,10.122172425017414],[98.31080490262426,10.088090490983411],[98.28677400401713,10.085170666593054],[98.28296548756728,10.118059618456673],[98.26916951056454,10.116926930433564],[98.27710725519573,10.140599549929327],[98.27788515887302,10.139143244465195]]],[[[98.15855847649256,10.152013120309253],[98.15786716403844,10.139185535084469],[98.14242639805983,10.140816821639106],[98.13611975652167,10.156231447923044],[98.14525353652155,10.166433849142894],[98.154853195019,10.15339061818253],[98.15998680584646,10.16691605842944],[98.15930331209829,10.154901691459969],[98.15855847649256,10.152013120309253]]],[[[97.92895654710708,10.162629759156147],[97.90863830891088,10.161770635006814],[97.92862803195813,10.163940006626046],[97.92895654710708,10.162629759156147]]],[[[98.66398755318308,10.176478304230393],[98.66397372161003,10.174642113442797],[98.66366915001133,10.173076704926029],[98.663134369056,10.172141686089983],[98.66061387602961,10.172059009615605],[98.65878103161933,10.172599591198214],[98.65776067341642,10.173540441238401],[98.65690995073372,10.174324878490356],[98.6568624764222,10.17536565669975],[98.65808983697647,10.175952985042244],[98.65988270652174,10.175612292173572],[98.66006871150186,10.175576946119222],[98.6611390801045,10.17577094517302],[98.66368057409923,10.177072531272366],[98.66398755318308,10.176478304230393]]],[[[97.98870713242825,10.158542567085846],[97.95873460461836,10.130187924133502],[97.97956043276781,10.180729269140517],[97.98808632052734,10.15999853440491],[97.98870713242825,10.158542567085846]]],[[[98.20541736481964,10.1961458559466],[98.20774326074296,10.169570482092091],[98.23944506703629,10.16872720309799],[98.22966979792292,10.13372295944713],[98.21745551795787,10.126768221476276],[98.21249927771956,10.139038625432292],[98.1896502420651,10.121012434476281],[98.20225654820123,10.085231356442023],[98.1883037285343,10.071763913473916],[98.19416887759165,10.041482637613694],[98.1795974907317,10.036205086695457],[98.19141736761748,10.096798108346125],[98.16730737813305,10.143628257038436],[98.19613495656301,10.183082169906207],[98.1824055617673,10.177004820416155],[98.1787466907073,10.195680236453772],[98.20363703272295,10.195324595054064],[98.20541736481964,10.1961458559466]]],[[[98.03199150160656,10.173658216453582],[98.03447117710323,10.15040814611908],[98.02544702086345,10.197623409692621],[98.03102444442263,10.174942027452602],[98.03199150160656,10.173658216453582]]],[[[97.97612283450124,10.19239069807226],[97.97416682254092,10.190903692451489],[97.97391142767034,10.191068593940486],[97.97404080054258,10.191949889076199],[97.97291317120592,10.192908506122741],[97.97265844992754,10.193696831143914],[97.97273762893845,10.197024852415012],[97.97207021956498,10.199509078481203],[97.97221148057542,10.20007636453267],[97.97346256794317,10.198813067069498],[97.97431301363474,10.196782713551475],[97.9744147449446,10.196539839042348],[97.97619992258845,10.194004089916827],[97.97613886311808,10.192726129007731],[97.97612283450124,10.19239069807226]]],[[[97.87247352793104,10.20655407151326],[97.86967020441647,10.194935158930448],[97.8720761795721,10.207126617699366],[97.87247352793104,10.20655407151326]]],[[[97.96633601089825,10.201140244526727],[97.96575744465045,10.20110065816889],[97.96526549210881,10.201660581470748],[97.96481821878581,10.202738104180206],[97.96464396794485,10.204485459036746],[97.96411161246098,10.20544862935083],[97.96432327959573,10.207273730598207],[97.96524150359257,10.209238635954318],[97.96533621659322,10.209441317063192],[97.96595066309276,10.209931706583028],[97.96680948686841,10.2094663829673],[97.96759229095147,10.207239737124215],[97.96866898718409,10.20583028454006],[97.97040946942154,10.205380177453257],[97.97122011561588,10.20334260147989],[97.97098792954942,10.202634397059892],[97.96843423715036,10.20227088119626],[97.96774066559934,10.202172153622055],[97.96633601089825,10.201140244526727]]],[[[97.97322554352407,10.21935781391202],[97.97216495594799,10.217589368154808],[97.97113554516933,10.216613663090154],[97.97017711608115,10.21505246609847],[97.96913408596936,10.214173823063518],[97.96869937977263,10.214438485447793],[97.96824020482167,10.215732473175162],[97.96783272020399,10.216014014934935],[97.96679547273295,10.216730676579541],[97.96660156091338,10.217192703280617],[97.9667891442037,10.21777276240313],[97.96810871674391,10.219144238415975],[97.96994469888881,10.21910655502348],[97.97051374671207,10.219094876427434],[97.973127975176,10.220322929459677],[97.97335976104418,10.219892860167409],[97.97322554352407,10.21935781391202]]],[[[97.97567069674538,10.223583890983864],[97.97463618051538,10.22213610659611],[97.97454103673958,10.222154009400061],[97.9739570439825,10.222263905654735],[97.9735203304989,10.222797144272796],[97.97292337851114,10.226462774637376],[97.97412070350771,10.22757925507863],[97.97536334354348,10.22649497306459],[97.97573342355872,10.225731737329887],[97.97597979463187,10.225223632964372],[97.97567069674538,10.223583890983864]]],[[[98.24970625513967,10.259441781912745],[98.24420969052493,10.233141057413938],[98.23703110859888,10.255867421044659],[98.2491802965335,10.259868492237153],[98.24970625513967,10.259441781912745]]],[[[98.29798930356354,10.33813346998372],[98.28531003812782,10.344782983448017],[98.29843721450591,10.338747054033423],[98.29798930356354,10.33813346998372]]],[[[97.99909796589844,10.347045939418539],[97.98412928553816,10.324037480945044],[97.99487504994364,10.367492988410717],[97.99877065763981,10.350223360219942],[97.99909796589844,10.347045939418539]]],[[[97.9681310334205,10.356453692484],[97.96757711399268,10.367609892182802],[97.96958733169014,10.357174306648961],[97.9681310334205,10.356453692484]]],[[[97.94781651302176,10.371562067235715],[97.93683585289233,10.354652687671425],[97.94902095255495,10.372866174134717],[97.94781651302176,10.371562067235715]]],[[[97.94621287612338,10.404278077671222],[97.94559231153602,10.401046271268463],[97.94589866918834,10.400530482196032],[97.9470865225251,10.39971107660492],[97.94765777009007,10.398390762123974],[97.94747521580861,10.39658786513796],[97.94691425648774,10.395900480922457],[97.94658623057012,10.396001160025556],[97.94621444454104,10.39671290597591],[97.94638306472667,10.397654113046947],[97.94583020020372,10.399515995666672],[97.94478358179693,10.399736123623246],[97.9436727715812,10.401274038066418],[97.94281645151808,10.40059589708305],[97.9427107074333,10.402846084479286],[97.94228448184346,10.404751510473872],[97.94227858319007,10.404777879495594],[97.94133395869527,10.406083990983447],[97.94028602458042,10.40691185559773],[97.9394445586195,10.408289825615022],[97.93786237684724,10.409100030242232],[97.93799057970152,10.40948793841768],[97.93891982489005,10.40993175744472],[97.93942036685651,10.41057648141955],[97.93998264458347,10.412985565531482],[97.94136978318896,10.413649106920783],[97.94232328399242,10.413467893528491],[97.94320357458538,10.411700275147581],[97.94462987596806,10.411198367111027],[97.94470451969794,10.410399587470994],[97.94408439847626,10.40922622940704],[97.94408174547623,10.40851762298994],[97.94614786053545,10.406791430979808],[97.94616300152133,10.406206167480722],[97.94621287612338,10.404278077671222]]],[[[97.96064301006696,10.427833963366758],[97.96069237385406,10.4118875616617],[97.94914113885257,10.425053903514922],[97.95764637547991,10.440720487460528],[97.96069881120125,10.43018716540541],[97.96064301006696,10.427833963366758]]],[[[98.27787685453323,10.432590727680044],[98.2764401120216,10.432503520421118],[98.27604210895625,10.432726157486258],[98.27589624251767,10.432807752076187],[98.2771238719692,10.433864678512158],[98.27763099697304,10.434301284077016],[98.2789180365382,10.434827122173992],[98.28031070777307,10.438022810004707],[98.28038494950592,10.438111564097404],[98.28210747857739,10.440170791249045],[98.28289532156192,10.440833310109173],[98.28330900160921,10.440783150422103],[98.28375399155357,10.439835729935062],[98.28345635462708,10.438312018484893],[98.28286629954016,10.437483123247645],[98.28116159772969,10.435088395013445],[98.27998865605169,10.43442772336077],[98.27787685453323,10.432590727680044]]],[[[98.1671634515321,10.454667364407374],[98.16669059699355,10.449909716959901],[98.16601516386883,10.44806776961192],[98.16570768386258,10.447861918392828],[98.16310812244197,10.4461215854429],[98.16257745318703,10.446110382588166],[98.16211179052677,10.446491486492956],[98.16215888892164,10.447070805473388],[98.16302686150053,10.448370458929531],[98.16172335085203,10.450522394492964],[98.16192209113164,10.45115836446698],[98.16293276813285,10.45439253159007],[98.16303089495986,10.45430666791843],[98.16387483945229,10.45561639198301],[98.16394658466722,10.456996601312149],[98.16437480855068,10.457398042485696],[98.16506414159697,10.457445208329727],[98.16683150457035,10.45569989403495],[98.1671634515321,10.454667364407374]]],[[[98.24914181544247,10.44682755414835],[98.23978621855923,10.465904498593822],[98.25059557852323,10.447665125145441],[98.24914181544247,10.44682755414835]]],[[[98.18425137350214,10.467443235916715],[98.19662552954463,10.463266345465513],[98.18181061346912,10.467665828015601],[98.18425137350214,10.467443235916715]]],[[[98.21951668764507,10.465631169442954],[98.21448668501262,10.433179336657158],[98.2171413155194,10.467644036543152],[98.21951668764507,10.465631169442954]]],[[[97.68057481107867,10.467568145453562],[97.68181048046938,10.466361829934531],[97.68273212099062,10.466847930587594],[97.68290088416855,10.46693693918844],[97.68455482914206,10.467095078675012],[97.68656578518285,10.467727341643482],[97.68719882156839,10.468180667403967],[97.68856824263035,10.467848327438375],[97.68846941703003,10.467377803043195],[97.68493342393846,10.465478361137478],[97.68410004917797,10.464627221169373],[97.68398097174455,10.463064290284837],[97.68562548013188,10.461531363481654],[97.6850899095717,10.460420453441163],[97.68423182054218,10.460447206473486],[97.68234152294302,10.462059850981372],[97.68166763845082,10.461979989385014],[97.68114682576548,10.462266058331945],[97.67992656985538,10.461571004698186],[97.6791501419655,10.461882319413615],[97.67856408166708,10.463478853466398],[97.67856710788581,10.463764014997409],[97.67858289998091,10.465252254487986],[97.67785717406937,10.466618201468844],[97.67706702702175,10.467428933098851],[97.67712727350494,10.46810126536116],[97.67764756997946,10.46883931108534],[97.68010885793753,10.470032675467674],[97.68057481107867,10.467568145453562]]],[[[98.16477533151641,10.47610088065117],[98.16813170751239,10.476014261548968],[98.1696848079076,10.47636203747809],[98.17124291752671,10.475351048412204],[98.17210243647837,10.474349054365447],[98.17211041256553,10.473998420390881],[98.17176111858086,10.473812708589655],[98.16880017179062,10.474212780995082],[98.1662690658648,10.473858663946242],[98.1658392025172,10.473495198444724],[98.16539042103119,10.471609620487662],[98.16492691854253,10.470823037453222],[98.16363931060573,10.469609202702554],[98.16213209362127,10.469103642519148],[98.16092577720295,10.468179619693782],[98.15981061157058,10.468976522448589],[98.15941694053943,10.469945423242763],[98.15984584520962,10.471284635177799],[98.15915054606096,10.472201642391962],[98.16018444355728,10.473820562369148],[98.16126368756922,10.474865775135441],[98.16121432378203,10.47499707615421],[98.16056477854177,10.476724722368122],[98.16013284405554,10.479831456456598],[98.16029511952425,10.48015997430339],[98.16114980372056,10.479950229019938],[98.1628926475777,10.477643350160534],[98.16403227387042,10.476709662321134],[98.16477533151641,10.47610088065117]]],[[[97.91112504678348,10.492348637979351],[97.9050415576219,10.467190624447817],[97.93544218071209,10.484099339413063],[97.92758108979548,10.457762879453355],[97.9463896909316,10.440218758389083],[97.94101951343984,10.426131674437297],[97.90838692771459,10.423247943437882],[97.9374670096948,10.410215851480395],[97.89567715367771,10.399291214617875],[97.89341694693462,10.488327122498728],[97.9111127215749,10.49355083190536],[97.91112504678348,10.492348637979351]]],[[[97.91657148768408,10.521381212373079],[97.89268124394435,10.500193180470937],[97.91579727302583,10.521154438426702],[97.91657148768408,10.521381212373079]]],[[[98.23351283574884,10.534564228556306],[98.23602824670624,10.490334590968672],[98.19216378962729,10.483042373406878],[98.19632686918969,10.525648882190172],[98.23284949221035,10.534419304607287],[98.23351283574884,10.534564228556306]]],[[[98.23316102546102,10.561408956558157],[98.22012755574215,10.550881507975237],[98.2324597934848,10.564131506563864],[98.23316102546102,10.561408956558157]]],[[[98.0968731265936,10.55634794440213],[98.08767802272266,10.581278395281743],[98.09733419102014,10.556392251301435],[98.0968731265936,10.55634794440213]]],[[[98.04586863972598,10.573104614586345],[98.04036110877814,10.589456415381346],[98.04690980284516,10.574337252362373],[98.04586863972598,10.573104614586345]]],[[[98.02343632652531,10.59150686065314],[98.03239549955268,10.570114256367876],[97.9989104527552,10.557295613102088],[97.99837928887317,10.538518766128199],[97.93895379857898,10.559089297433196],[97.9723712019695,10.573359616453168],[97.99586916592936,10.563901673123762],[98.00140343372158,10.587704065690126],[98.02294420850849,10.592444080130278],[98.02343632652531,10.59150686065314]]],[[[98.34314901551474,10.590353879428068],[98.34063249299521,10.589603723433147],[98.34009988480193,10.58963610532205],[98.3397206757686,10.590046769942582],[98.33981912994896,10.591399543654031],[98.3403018635402,10.592059625351421],[98.34164878806118,10.592850299401832],[98.34266097052748,10.594876923431315],[98.34334086878614,10.596238235306362],[98.34439312414348,10.596257351295776],[98.34555268211072,10.595793744485768],[98.34597590756212,10.59511705410879],[98.34588672449283,10.59414627732885],[98.34450626874934,10.593142774219707],[98.3437797955012,10.592614677025733],[98.34362926158121,10.591340982500416],[98.34314901551474,10.590353879428068]]],[[[98.23637008980789,10.622730149376899],[98.23612581055781,10.621050991010502],[98.23442304318893,10.620201891604072],[98.2337777076751,10.618216594120508],[98.2323922939693,10.616878210461142],[98.23190637947586,10.616909478089983],[98.2304328915648,10.61797054860197],[98.22997172551474,10.618302637656626],[98.22895557074304,10.61958367244856],[98.22725731257499,10.620803561435274],[98.22729432057653,10.621712758037368],[98.22687470410439,10.623045698999864],[98.22716423454189,10.623286492477643],[98.22804946870812,10.62264401590863],[98.22879265855441,10.623016438657803],[98.23158389967726,10.625917509485546],[98.23328544756545,10.627096442446845],[98.23405789415649,10.627631637090381],[98.23563129584765,10.626380652245334],[98.23595482695383,10.624831157232148],[98.23688532849525,10.62359497252999],[98.23637008980789,10.622730149376899]]],[[[98.2612208418684,10.620892932462919],[98.24509250011889,10.617780507464477],[98.26057310516475,10.633133172258166],[98.26117660061969,10.622079108563995],[98.2612208418684,10.620892932462919]]],[[[98.26225420786544,10.64337158413132],[98.25912564543232,10.639882512268159],[98.25868710812354,10.639942036595759],[98.25813268957202,10.641376721458581],[98.25746390783316,10.642125742509098],[98.25733204653677,10.64227342018221],[98.25708849214031,10.643189679160411],[98.25728344987134,10.643788091647174],[98.25864469070001,10.644600607532059],[98.25952955794278,10.645887332334588],[98.26223859203752,10.646957914975882],[98.26356103521373,10.647035348402664],[98.26437154650976,10.645997158442174],[98.26429834888971,10.645220508419747],[98.26288981901004,10.643946495534426],[98.26225420786544,10.64337158413132]]],[[[98.35086243775132,10.633345423052884],[98.35897134405232,10.653644211611176],[98.35248936978867,10.633926712447902],[98.35086243775132,10.633345423052884]]],[[[98.27106226151419,10.68046213262138],[98.2612633807005,10.650349954486845],[98.23660422290666,10.652530876998409],[98.24469948469353,10.682460120438261],[98.27122062403267,10.681360279253468],[98.27106226151419,10.68046213262138]]],[[[98.33838349360343,10.682595972925832],[98.33715192242337,10.681876640294771],[98.33654458056799,10.682360135611798],[98.33607664352233,10.685618989125064],[98.33763156774275,10.686865932416886],[98.33812675604501,10.688374765483108],[98.33854507659406,10.688834065439842],[98.34125888249149,10.689455799145872],[98.34186648694882,10.68948286244423],[98.34557667692219,10.689648116467406],[98.34665353952937,10.689396107544344],[98.34758588018427,10.688700622235977],[98.34739687146848,10.68763664961175],[98.34598858620434,10.686640295213564],[98.34067212072192,10.685683482206962],[98.34037072552857,10.685629240497171],[98.33838349360343,10.682595972925832]]],[[[98.54715188405224,10.759348089542783],[98.54563542743303,10.756483375607381],[98.5448546540191,10.757313846456892],[98.54391144775516,10.759655412167643],[98.54210878998873,10.761359045583582],[98.54058783585995,10.764116889482874],[98.5406506867799,10.765332205416986],[98.54159594979326,10.766164220402516],[98.54234928489166,10.76738456894278],[98.54357375052818,10.766653099960685],[98.54355721199578,10.765124654479305],[98.54388589351929,10.764529554195676],[98.54461583275447,10.764501439589832],[98.54642414455869,10.764431784399417],[98.54726882289796,10.764022214253796],[98.54767138013013,10.7631622573323],[98.54772276289528,10.761900831358314],[98.54743641156116,10.760620382025085],[98.54715188405224,10.759348089542783]]],[[[98.20535737554253,10.799045488458589],[98.20613703649514,10.797037553240582],[98.20543643314495,10.79506828707187],[98.20462478870307,10.794107370458836],[98.2040000215838,10.79411041556327],[98.2026344235399,10.794117066049832],[98.2015707944566,10.795309234333747],[98.20011701608745,10.795406530187254],[98.19975419719856,10.796060737513077],[98.19976917091051,10.797612939485632],[98.20005736585487,10.79825237364814],[98.20050865375144,10.798369116441616],[98.2018488531421,10.797951521645452],[98.20279798054241,10.79882313737793],[98.2032039785808,10.799947002152418],[98.2037846870138,10.800241162299859],[98.20461740347046,10.80015275354683],[98.20508989288437,10.799734366447908],[98.20535737554253,10.799045488458589]]],[[[98.54638845945989,10.783088647423153],[98.55454958759346,10.805975410536814],[98.55027286609997,10.78649792244127],[98.54638845945989,10.783088647423153]]],[[[98.59421960754891,10.824893045477765],[98.59420147541783,10.823764259612897],[98.59308868759292,10.821537808023493],[98.59168658246989,10.819723018402602],[98.59106000051868,10.8194816583519],[98.59065624808746,10.819326132295245],[98.58948326594005,10.819307800514618],[98.5876564245045,10.819991855439767],[98.5878013745339,10.820505644420017],[98.58880815297398,10.821506414489498],[98.58870634612107,10.822824482463908],[98.58956952351473,10.823427848416575],[98.5903526531525,10.824584921556987],[98.59185139312737,10.824352441412074],[98.59222547782356,10.824294414455768],[98.59421960754891,10.824893045477765]]],[[[98.20044557350445,10.812736466015135],[98.19530815584677,10.831114921416582],[98.19936355958066,10.814862195334104],[98.20044557350445,10.812736466015135]]],[[[98.20732545100886,10.829254519080841],[98.20681199657646,10.825183760322318],[98.20633907368939,10.82537670447142],[98.20637491706886,10.826920387166158],[98.2059147798433,10.828508409135814],[98.20417502156008,10.82942716732996],[98.20375840252827,10.830519595403029],[98.20359209090229,10.832322695635884],[98.20387772997336,10.833619632240307],[98.20569019754467,10.834622253114542],[98.20718057112654,10.83385709732719],[98.20725105009596,10.833820914004008],[98.20923897180117,10.83381076605406],[98.20969153313784,10.833258686639077],[98.2099623990455,10.832009471659795],[98.20970571274857,10.830934463454764],[98.20785959974077,10.830141602253182],[98.20737248195458,10.829627386994364],[98.20732545100886,10.829254519080841]]],[[[98.20409175153311,10.844978430310345],[98.19629754859308,10.83206031842899],[98.20313220458766,10.846131753277874],[98.20409175153311,10.844978430310345]]],[[[98.1957376738546,10.859540884204474],[98.18914799858132,10.824162603521334],[98.17602256508934,10.858722534417517],[98.19565772052744,10.86073053348738],[98.1957376738546,10.859540884204474]]],[[[98.62700219209758,10.861103284489001],[98.61421747755465,10.846628581044179],[98.60163387570292,10.856612970412257],[98.62645091667653,10.863034708984717],[98.62700219209758,10.861103284489001]]],[[[98.07491345659083,10.883240769346067],[98.06695990457598,10.873829677997268],[98.08900173843952,10.851301770460417],[98.08028368984048,10.831208819631385],[98.06290339917257,10.855904181432926],[98.02806547164427,10.856069658488007],[98.07492832418288,10.885457171911014],[98.07491345659083,10.883240769346067]]],[[[98.49897946752847,10.884308971481879],[98.51271788252433,10.89087511329588],[98.56158848412132,10.85604179569238],[98.54209715995606,10.78777591752463],[98.50920359097304,10.77518824713993],[98.51124131713313,10.790344175343488],[98.49225133443159,10.793852280458424],[98.51721190720383,10.818974853506788],[98.49907767259654,10.825876410068322],[98.49788491975329,10.885635007449753],[98.49897946752847,10.884308971481879]]],[[[98.01329176520287,10.893344003223223],[98.0037929989478,10.884644321478273],[98.01993072961957,10.868862943570065],[97.99674294902795,10.882873276680435],[98.01199648604907,10.893603774194801],[98.01329176520287,10.893344003223223]]],[[[98.54172463558356,10.876343978291988],[98.53669539557609,10.895923503466939],[98.54189213611328,10.876777490189035],[98.54172463558356,10.876343978291988]]],[[[98.48079889355418,10.898114553244106],[98.46913268652433,10.880438560990843],[98.48045518256065,10.898379605034844],[98.48079889355418,10.898114553244106]]],[[[98.24699713650874,10.921360748399852],[98.25196416591358,10.910987175617745],[98.24702001885889,10.920728833468981],[98.24699713650874,10.921360748399852]]],[[[97.91879744464647,10.932846242060442],[97.9491773500547,10.930003132538587],[97.94889708083566,10.901795503559683],[97.88015946958393,10.842336134005478],[97.90067251352579,10.871448914435952],[97.88965360253175,10.907000896474258],[97.91822806587265,10.933155473945963],[97.91879744464647,10.932846242060442]]],[[[98.43509464750001,10.927170366119551],[98.43466336052569,10.927169524354138],[98.43460702069751,10.927257796410203],[98.4342340025972,10.927842219043246],[98.43317837208433,10.928360229441022],[98.43375573953577,10.92937597412201],[98.4334132669088,10.931372228045952],[98.43150164458525,10.932105159325708],[98.43133485901662,10.93267239231713],[98.4318255174338,10.933736528617896],[98.43414075549151,10.934571834222847],[98.43451627820373,10.93518597045627],[98.43568947708772,10.93555198643504],[98.43618994980646,10.935708123131413],[98.43659237753627,10.935507231673455],[98.4369212569105,10.93429387895942],[98.43787748176045,10.933364047412905],[98.43819650456507,10.931872895018188],[98.43668060552554,10.929945196413712],[98.43630282551506,10.92831249612479],[98.43509464750001,10.927170366119551]]],[[[98.69572236279683,10.941792093430433],[98.70358129713924,10.932413210401378],[98.66710048449978,10.933985885440286],[98.69563041251362,10.942134626311958],[98.69572236279683,10.941792093430433]]],[[[98.55887430950186,10.949828726614527],[98.55824220571326,10.949795279028937],[98.55766775476316,10.9501496074185],[98.5575796589741,10.95189106721904],[98.55741492385975,10.952094009131294],[98.55609742605547,10.953717072285126],[98.55660743158776,10.955140282697936],[98.55773519852067,10.956124792125518],[98.5586088449223,10.955636387409381],[98.55905017282727,10.95360015322456],[98.56019894342654,10.951744105406188],[98.56002210793399,10.950568086248222],[98.55912661250319,10.949842074352286],[98.55887430950186,10.949828726614527]]],[[[98.66946032353518,10.988912620621058],[98.68070611279694,10.983627899408063],[98.66740176457978,10.987851611262908],[98.66946032353518,10.988912620621058]]],[[[98.19123112161904,10.99033330843547],[98.1955638969563,10.988005246045315],[98.19698660105084,10.987487902045054],[98.19724527395029,10.983155124909135],[98.19621058055391,10.982249768412164],[98.19433520090891,10.982573110660518],[98.19323583906272,10.98528917835296],[98.19148979451849,10.985224509003974],[98.18974374997417,10.983025788009723],[98.18851505392668,10.983413799607241],[98.1868336769327,10.985741857500816],[98.18521697018706,10.987229228246317],[98.18542107941933,10.989266279015627],[98.18753088354353,10.98988467263958],[98.18896773307453,10.988975270991993],[98.19123112161904,10.99033330843547]]],[[[98.17690001292533,10.990244196412554],[98.21837869901782,10.956632879403902],[98.2472807035417,10.85385825345567],[98.2686910424577,10.857757476426485],[98.28033202170546,10.78173084740078],[98.30286604553166,10.785677038364646],[98.30296117851563,10.772847797487891],[98.2769230884298,10.768804884437952],[98.29817100798572,10.735943465318684],[98.26012516454477,10.687710768137467],[98.22788066955728,10.69211737961345],[98.2422589009276,10.711168907419196],[98.23505673787818,10.750029685021975],[98.25393636567087,10.755204241982227],[98.23602953813275,10.777697982475928],[98.25384660253874,10.837959288290552],[98.22688485205434,10.84314026461158],[98.22277664012991,10.878567978329631],[98.21424201995329,10.865808621071057],[98.18830475106347,10.89773738836984],[98.17388251856347,10.881966138626428],[98.17785874688369,10.902510130038564],[98.15482281771895,10.926378812532253],[98.13912046863476,10.895848954165984],[98.12371089204412,10.902446166657306],[98.08284514698599,10.871611157528957],[98.07990468944995,10.892344187334388],[98.1400105285631,10.948655565502005],[98.14435473518296,10.979655690158005],[98.17625285988164,10.990818700422697],[98.17690001292533,10.990244196412554]]],[[[98.70461789619898,10.969624919154771],[98.68816024070263,10.975197959418356],[98.69110764550152,10.993135460133438],[98.71037174156271,10.990621342401127],[98.70609762360652,10.970901974446598],[98.70461789619898,10.969624919154771]]],[[[98.46482136991031,11.006442084534637],[98.4404044130333,10.959623537995963],[98.4348503835385,11.002293930120807],[98.45779963154783,11.020096733977155],[98.46341795447508,11.007644216407527],[98.46482136991031,11.006442084534637]]],[[[98.30995193163646,11.038267503542517],[98.31911918350359,11.010986017091081],[98.29958085087561,11.008297205151937],[98.29414562362174,11.024871183458437],[98.30963600160028,11.039637515458963],[98.30995193163646,11.038267503542517]]],[[[98.67463326891024,11.06263518836331],[98.68187711913382,11.014372878305764],[98.6621848891214,11.01594144614085],[98.66372952689616,11.03364685611757],[98.65495264195093,11.015152279354265],[98.63983648086896,11.022578649684952],[98.65291829004711,11.061042551072905],[98.67349453654371,11.063685785370744],[98.67463326891024,11.06263518836331]]],[[[98.70254503982186,11.061347723418788],[98.70097473359716,11.061320130419702],[98.70029519596656,11.06170795405886],[98.6991976525497,11.063366298515906],[98.69969303150826,11.064815310478235],[98.70046657077566,11.064925373107556],[98.70156409170953,11.063823333979691],[98.70227432589947,11.063525590033926],[98.70316953264785,11.063150302044885],[98.70434478558344,11.0622023779375],[98.70267689212498,11.061350040072323],[98.70254503982186,11.061347723418788]]],[[[98.61125978091424,11.065018932277923],[98.62521450354652,11.032615490212802],[98.61363257558298,11.01353418765266],[98.59717455496181,11.029511406426348],[98.60990473281721,11.065221339093586],[98.61125978091424,11.065018932277923]]],[[[98.67174655216176,11.070063483243228],[98.6701831725155,11.069864559501838],[98.66810240210422,11.071128767978319],[98.66743144850257,11.07187509465993],[98.66749669161908,11.07219768147781],[98.67054278352268,11.07346614464689],[98.67303396854291,11.073077941493889],[98.67380084653193,11.072958439580368],[98.67513549350825,11.072358121430245],[98.67516781784062,11.071614289467998],[98.67468619850935,11.071042643503212],[98.67186261686636,11.070102142399993],[98.67174655216176,11.070063483243228]]],[[[98.62184971259417,11.074318539169234],[98.61408364674297,11.066256178180186],[98.621284454514,11.074358818005145],[98.62184971259417,11.074318539169234]]],[[[98.67287064446474,11.078373957292328],[98.67366649861007,11.07712914899109],[98.67382631083566,11.076313789449873],[98.67318076308183,11.075860374656607],[98.67186717552977,11.07639035952753],[98.66996514447587,11.07653112051484],[98.66970625483991,11.076550279671768],[98.66702285771879,11.077611892474945],[98.6669054925945,11.078011379421667],[98.66721105344747,11.078414570675918],[98.66803831371728,11.07867239101806],[98.66995466647474,11.078057874371424],[98.67085730791845,11.078940786488175],[98.67126532763282,11.078981966444598],[98.6717063695534,11.079026478389306],[98.67287064446474,11.078373957292328]]],[[[98.69297009559354,11.079985787913834],[98.6918919937206,11.079344115338671],[98.69000265210073,11.079381059488366],[98.6897725929309,11.07938555699793],[98.68709736704989,11.080606709532045],[98.68683311475651,11.081412743103666],[98.68710518215845,11.082713130406749],[98.68779247554234,11.08342883247467],[98.68810221914218,11.085212184494772],[98.69056665652603,11.089185146477373],[98.69160815059577,11.089906463912222],[98.69374730409491,11.090192183022815],[98.69414884149593,11.089964318198827],[98.6943926998633,11.088953739223747],[98.6943256545054,11.087063286041928],[98.69497094954974,11.08187194413491],[98.6944103805347,11.08084302618478],[98.69297009559354,11.079985787913834]]],[[[98.53447304669375,11.069581911575973],[98.54943391194556,11.012775663466176],[98.54192424460824,10.953349974421819],[98.5211267478012,10.990748925622448],[98.5050612075088,10.939172206432154],[98.50312264059745,10.959789806454431],[98.47972513900402,10.952642118039332],[98.48601327699122,10.96968968203321],[98.46893450112638,10.991033021456772],[98.48979233255018,11.024819544386485],[98.51457734866582,11.033713890683558],[98.52639943608516,11.099875898454034],[98.53542588649556,11.071442116960192],[98.53447304669375,11.069581911575973]]],[[[98.52854252951418,11.111661884388532],[98.52670402477098,11.124964003186196],[98.53011066477538,11.11404112539763],[98.52854252951418,11.111661884388532]]],[[[98.25341566719932,11.18625114947108],[98.25483206254975,11.167919533459688],[98.25269821954728,11.186418422472308],[98.25341566719932,11.18625114947108]]],[[[98.25318367358771,11.261548688221431],[98.27822046750065,11.251827465664984],[98.25889924650302,11.254722587477492],[98.27124337418243,11.240686418643339],[98.25865194553097,11.230665937682968],[98.29264056501013,11.225865311634905],[98.2853505345996,11.207113309331781],[98.26888864959156,11.213374364235559],[98.2451734840691,11.193833043160403],[98.22667752414847,11.241930874410397],[98.20709102742903,11.241694692655976],[98.25242177604417,11.261688486934215],[98.25318367358771,11.261548688221431]]],[[[97.92475166165995,11.27673769708711],[97.92420817166979,11.27374850528938],[97.92284944984229,11.273884378461293],[97.92203421350821,11.276601826613039],[97.9197243875705,11.278368165258698],[97.91999613301522,11.280134505702918],[97.92393642712452,11.282851949357994],[97.92556689259808,11.285705267983722],[97.92746910441575,11.28380305616615],[97.92611038258816,11.278368165258609],[97.92475166165995,11.27673769708711]]],[[[98.01228895187369,11.321706330083078],[98.02241505820847,11.315986670648378],[98.00275456257305,11.314648826582093],[98.01166241398927,11.323886629364463],[98.01228895187369,11.321706330083078]]],[[[98.5434521451005,11.307815917071004],[98.54612429799803,11.261890759750845],[98.52454628138577,11.323293654178798],[98.54207154726419,11.308820622573709],[98.5434521451005,11.307815917071004]]],[[[98.27330276051413,11.32971685145153],[98.28434844072798,11.318747347412192],[98.2741258110574,11.290861749470146],[98.25063441214844,11.298623399650229],[98.25889448459287,11.279878507387217],[98.23812196465698,11.259345730521083],[98.23005742550984,11.273730937033196],[98.20765224215731,11.268050488039613],[98.27226345359556,11.332561995239917],[98.27330276051413,11.32971685145153]]],[[[98.00092373084557,11.349874812472635],[98.00062330062497,11.32462920227589],[97.99836462992383,11.34887700746797],[98.00092373084557,11.349874812472635]]],[[[98.00877818476546,11.36302737941007],[98.01604729065006,11.352908410994441],[98.00687279654235,11.363146571057467],[98.00877818476546,11.36302737941007]]],[[[98.26080833993304,11.37796813042494],[98.24113352169478,11.341327613478644],[98.23616906255234,11.363525365503321],[98.26000794151331,11.379194534999812],[98.26080833993304,11.37796813042494]]],[[[98.2286513121084,11.380522677179869],[98.21901419055251,11.397150443937928],[98.2302573645858,11.381749656421544],[98.2286513121084,11.380522677179869]]],[[[98.27389370503046,11.403652800436411],[98.28185795358178,11.39485833464445],[98.26771093611087,11.389948845662698],[98.27352612513062,11.40411024149451],[98.27389370503046,11.403652800436411]]],[[[98.10833159742532,11.413680703501758],[98.14576348000064,11.41093769302016],[98.13806589752326,11.363182065499963],[98.09466142478496,11.405834155521951],[98.10618704079936,11.413894234031726],[98.10833159742532,11.413680703501758]]],[[[98.27537516992824,11.405866510431192],[98.27460415595709,11.405844620033253],[98.27348052770425,11.406318636495957],[98.27232833068796,11.407327516651641],[98.2718403405593,11.408019701448143],[98.27106028750231,11.411235227423852],[98.27114102144104,11.41196316746623],[98.27198125443142,11.412620186972141],[98.27212317644343,11.412960684687942],[98.27273781359928,11.41443530754341],[98.2742393855393,11.414961562026512],[98.27518956784432,11.41483031766509],[98.2765905389223,11.413091496475388],[98.27797864609774,11.412352844608161],[98.27932921557088,11.409736527019184],[98.27943878177446,11.409524281620328],[98.2793410011863,11.40891709534769],[98.27786728214946,11.407384161349995],[98.27537516992824,11.405866510431192]]],[[[97.99582656594333,11.416553378235847],[98.01219607798672,11.382367871979756],[97.9928973121613,11.388039759427379],[97.99546399166996,11.414483820571938],[97.99582656594333,11.416553378235847]]],[[[98.0158632866614,11.426996121473806],[98.01465812856985,11.426099572937062],[98.01414998553349,11.426244698334184],[98.01397358351419,11.427171652949472],[98.01342259048023,11.427987162677486],[98.01334144914863,11.428709829994762],[98.01330191045489,11.429061953246652],[98.01164470453955,11.430171200440661],[98.01149056253949,11.43132260245617],[98.01194136390293,11.4322088654469],[98.01366173550073,11.432305891503777],[98.0152376777767,11.433574240458885],[98.01587226009681,11.433147690213804],[98.0164282866362,11.431758672924438],[98.01647224369917,11.429813679457798],[98.01648411654881,11.429288249653066],[98.0158632866614,11.426996121473806]]],[[[98.51040864474324,11.440760801170121],[98.52371366745189,11.439569771427823],[98.52622624464556,11.418127990414447],[98.50757818958188,11.423971762586834],[98.48552010856618,11.404836706648766],[98.47960210095626,11.418136395478292],[98.50364446951673,11.433095345174124],[98.50161825288012,11.463789971030355],[98.50987552753357,11.440766638669494],[98.51040864474324,11.440760801170121]]],[[[98.13238805386571,11.46666853362602],[98.14584156993259,11.446952055193268],[98.12890025544249,11.434845725349948],[98.12053154759293,11.458208554481239],[98.13183362901889,11.466988835266609],[98.13238805386571,11.46666853362602]]],[[[98.01073008682411,11.45751385967689],[98.00544494652715,11.440270944048944],[97.96894604312548,11.44858674748049],[98.0019780627375,11.454282090146325],[98.0128934851463,11.471286903967467],[98.01183290476482,11.458171791095303],[98.01073008682411,11.45751385967689]]],[[[98.68543311944296,11.499105419679431],[98.67875199121151,11.514193063259345],[98.68459309959195,11.500605588677079],[98.68543311944296,11.499105419679431]]],[[[97.90835494152738,11.515046870616604],[97.90790339552537,11.514628073426877],[97.9071932386771,11.514640069483647],[97.90346376544046,11.51470307958354],[97.90430560282134,11.515150369094304],[97.90635977758167,11.515660001407987],[97.90758649961727,11.5159643454782],[97.90841370952514,11.515531869600157],[97.90835494152738,11.515046870616604]]],[[[97.92864331953369,11.512001433419513],[97.92820680659891,11.510318215513301],[97.92742774009827,11.509713948440034],[97.92680416458056,11.51048576910306],[97.92609012356039,11.510273116311328],[97.92592940391896,11.51071948941292],[97.92585628453996,11.510922559928257],[97.92631530300889,11.512382677618568],[97.92598805320617,11.514582087493416],[97.92684992208635,11.515913259489338],[97.92730938661899,11.516134779596396],[97.92812916812665,11.515651376909538],[97.92860188956561,11.514921455660762],[97.92874754376417,11.51240332245543],[97.92864331953369,11.512001433419513]]],[[[97.93315374065268,11.518699767480353],[97.93241706369663,11.51727116743045],[97.93215243098994,11.517545711565344],[97.93139755355428,11.518328857390866],[97.93179618254783,11.518870169222936],[97.93204487567054,11.519207877241818],[97.93151340961626,11.519837475519154],[97.93136253215525,11.520846670437543],[97.93193742467248,11.521402691580981],[97.93281993749015,11.520965546422865],[97.93317012450171,11.519833832365553],[97.93315374065268,11.518699767480353]]],[[[98.3196131109564,11.526386653421369],[98.31912000008799,11.525219750691015],[98.31771717550731,11.52556654545974],[98.31710814202712,11.52641111408171],[98.31852048053585,11.527379616476171],[98.31840769386002,11.528265606072882],[98.31929525277377,11.529390448410556],[98.3191449265971,11.530696990673647],[98.31961529361098,11.531320242435314],[98.320612192099,11.530243351049915],[98.32090363809247,11.529440571225432],[98.31975459859595,11.526721471918474],[98.3196131109564,11.526386653421369]]],[[[98.31285577957057,11.523291010671674],[98.3093923635668,11.54075801846782],[98.31313160613874,11.52350916011969],[98.31285577957057,11.523291010671674]]],[[[98.31502732754916,11.574841511026953],[98.31018562047008,11.559444136437754],[98.31460823807973,11.576056799981401],[98.31502732754916,11.574841511026953]]],[[[98.30668294815958,11.574931052026457],[98.30665792991965,11.57489709902196],[98.30628454579522,11.575298046467694],[98.30608981289458,11.578405893017582],[98.30777284464116,11.581474266524236],[98.30787308487506,11.581657015059207],[98.30900891153215,11.582352779157453],[98.30917391554384,11.579514201319427],[98.30833060687206,11.577167182119815],[98.30668294815958,11.574931052026457]]],[[[98.03812143985263,11.640333334116168],[98.03884155579328,11.639277061487249],[98.04014000595659,11.637372483553307],[98.04040388503135,11.635963763017262],[98.04012195296583,11.635413779922018],[98.03936931394273,11.633945562038125],[98.03909308357899,11.634049577625913],[98.03893009944463,11.634925945376192],[98.0390781485378,11.636277007677784],[98.036898761169,11.636743171260363],[98.03711346981079,11.638439673052478],[98.03657107969158,11.639279373644204],[98.03619802471916,11.639220709967887],[98.03682963657859,11.639911792195509],[98.03812143985263,11.640333334116168]]],[[[98.03088727892482,11.642352479383508],[98.02988254194588,11.640692227464363],[98.02947820855253,11.640816104579596],[98.02928363752986,11.641279460478756],[98.02960091564981,11.643625069541383],[98.02950473855286,11.644929865321071],[98.02940357291664,11.646302394439964],[98.0285755419278,11.649836367654295],[98.0288130897524,11.650458585195608],[98.02943734515738,11.65089051248723],[98.03052798717691,11.650048742555516],[98.03104361077406,11.64846162620313],[98.03235053075244,11.646703597293214],[98.032511222515,11.645904836539053],[98.03236686154152,11.644902668023768],[98.03140482077589,11.64409812103154],[98.0313403160029,11.643880552545468],[98.03088727892482,11.642352479383508]]],[[[97.52340466059668,11.65225602059897],[97.52183851103855,11.650547489475102],[97.51856383305449,11.65068986744345],[97.52012998171334,11.653110283013199],[97.52226564044702,11.660229148156706],[97.525540318431,11.660798659130908],[97.52525556519224,11.657381602279123],[97.52397417067152,11.655957827991411],[97.52340466059668,11.65225602059897]]],[[[98.03599732751469,11.66443422246147],[98.03937155415394,11.647908174422724],[98.03467884765074,11.664557379219772],[98.03599732751469,11.66443422246147]]],[[[98.83254602018278,11.714933371278121],[98.84515768088237,11.696742883177599],[98.81398058853343,11.685121738477541],[98.8044839698594,11.697695514336534],[98.82851452852272,11.71618864049336],[98.83254602018278,11.714933371278121]]],[[[98.1118707318488,11.757749878953824],[98.10994766295437,11.75731847416833],[98.10692789150902,11.757371289553461],[98.105671109634,11.756887009128189],[98.10544726388017,11.756931441033188],[98.10557675995953,11.757165849324544],[98.10691043566815,11.758424238287976],[98.10763767064199,11.759110421009197],[98.10968314446157,11.759691801235736],[98.11061162072978,11.760638375460694],[98.11183420498469,11.76129079493425],[98.113315962162,11.76280905739214],[98.11477959710076,11.763554141210694],[98.11646778915723,11.766193847468095],[98.1179761042139,11.76618035493949],[98.11885644516887,11.765527707038078],[98.11939379458806,11.765129337948629],[98.11987619003422,11.763699190165585],[98.11871034490659,11.761919541553642],[98.11461501756907,11.760134977247446],[98.11314563686174,11.758603963302313],[98.1118707318488,11.757749878953824]]],[[[98.30298329014674,11.776853437935916],[98.3082784479921,11.76655500351059],[98.30063328519796,11.775109323336682],[98.30298329014674,11.776853437935916]]],[[[98.21410631585387,11.78135601247002],[98.21369792651818,11.78069547751431],[98.21073283385327,11.780818100075304],[98.21019828672165,11.781212368256252],[98.21001741597101,11.781783725538538],[98.2106043486119,11.783381406226997],[98.21077100557754,11.7835668922983],[98.21163626759976,11.784529901633686],[98.21237228175542,11.787153015399351],[98.21331569306484,11.787695631248404],[98.21418755880889,11.787208029626925],[98.2144999401202,11.786310145596776],[98.21414471150932,11.78183926497017],[98.21410631585387,11.78135601247002]]],[[[97.44881657272668,11.800880804905297],[97.48260875059346,11.78798593150557],[97.48452217695694,11.764370412664412],[97.44164326172718,11.78214994926082],[97.4340878431795,11.798192203407506],[97.44614936699975,11.800919560289532],[97.44881657272668,11.800880804905297]]],[[[98.29427100350412,11.804171819973583],[98.31945743561222,11.723755721449422],[98.29484473679523,11.705683813457298],[98.28762571415547,11.629977677627753],[98.27274096752173,11.618845488028903],[98.2739275645056,11.468241987477764],[98.26182824847501,11.480260847460219],[98.25093527854033,11.456032196029028],[98.22706790815751,11.489012447066823],[98.21634253587938,11.457534330045313],[98.18981658157003,11.447013089482535],[98.21544607008018,11.436011631631512],[98.20922676350439,11.427725598457602],[98.17955649063957,11.444910601343214],[98.16264692851306,11.436771500304562],[98.1656594028592,11.461538713440941],[98.17919819803848,11.447123167400338],[98.20248994205721,11.468675265551095],[98.18790642244352,11.53485679040854],[98.21640078406902,11.557047244434834],[98.19148484285124,11.576067032467638],[98.21274644559213,11.61819028245555],[98.24430739197257,11.635420447495711],[98.22093194355442,11.662875651490165],[98.2381709732119,11.672340810979684],[98.24220253142174,11.723587305409907],[98.25582641145981,11.715340741681931],[98.26786777158046,11.729019363452927],[98.25340991153823,11.747242995168147],[98.27314445555227,11.764944331216029],[98.25760810513,11.791205906427468],[98.29105300259403,11.805272683687459],[98.29427100350412,11.804171819973583]]],[[[98.52970531604755,11.797031959257506],[98.5468925546478,11.759164398318397],[98.53273571388218,11.638913763259659],[98.54800731468586,11.611722012061229],[98.5207965239405,11.587263454344917],[98.52217217820355,11.512841650222047],[98.48542826350361,11.564330130631081],[98.45186587501014,11.575338685032385],[98.4349461091757,11.554996029343364],[98.42362571845221,11.563643901145134],[98.42873543069558,11.604554189624213],[98.4137227024409,11.587106703411706],[98.40958197462854,11.60768628639309],[98.42528348464515,11.619764658112594],[98.3913232774474,11.656112130070792],[98.37649628167811,11.654066996194942],[98.36954263458496,11.685610641417984],[98.40733529189028,11.723418873182453],[98.43411485951317,11.72166713503032],[98.38312119059059,11.713371395473601],[98.36641260086093,11.740407248295956],[98.38370795146079,11.766458710401192],[98.40623125356952,11.761287108613224],[98.36461366718699,11.772388674497755],[98.40306460844499,11.789919990115457],[98.43898551756766,11.78385932125073],[98.44122035353656,11.760612500166786],[98.4471062049874,11.782150029300439],[98.461638324749,11.780143055457678],[98.47293842676702,11.759164910931904],[98.46608412688103,11.785406915996418],[98.43131468362583,11.797662113315951],[98.44112609289496,11.809135172050652],[98.4809842762035,11.792569101482883],[98.51316226092969,11.811175727477949],[98.52833997161244,11.79858970644981],[98.52970531604755,11.797031959257506]]],[[[97.48795694145971,11.814729282530475],[97.52212000783217,11.813009847126818],[97.51956372358708,11.783059283459249],[97.4841250084625,11.787880215299737],[97.47011565561306,11.81336645259979],[97.48915184997789,11.814861316496636],[97.48795694145971,11.814729282530475]]],[[[97.66383454003206,11.818495704413298],[97.66065268107646,11.801928524082136],[97.63854876251544,11.815633424043334],[97.66316201801274,11.818915465676202],[97.66383454003206,11.818495704413298]]],[[[97.46694096965005,11.826664248356419],[97.46716612211891,11.816107086173119],[97.46682386173194,11.826484084472963],[97.46694096965005,11.826664248356419]]],[[[98.12324132272894,11.8259488214809],[98.11068763952301,11.819672090494645],[98.12299237959466,11.826866790969678],[98.12324132272894,11.8259488214809]]],[[[98.07775002714209,11.835320549503855],[98.06369855364541,11.78468277648895],[98.05870819402796,11.802900457390283],[98.04515336663465,11.800934726456521],[98.07675965053754,11.835892589371596],[98.07775002714209,11.835320549503855]]],[[[98.46864471618083,11.834630986231062],[98.45626073054831,11.83012452122972],[98.45609184596199,11.85125009611506],[98.4691930328323,11.837642104399645],[98.46864471618083,11.834630986231062]]],[[[98.28621506907028,11.85279627352925],[98.29030375401511,11.819490461615509],[98.25894794659054,11.80463077818795],[98.25349619159599,11.834126398214803],[98.28590609259219,11.852788252475918],[98.28621506907028,11.85279627352925]]],[[[98.18947096851043,11.855036273405325],[98.20962494463558,11.838455558277413],[98.18916417288837,11.85493690731246],[98.18947096851043,11.855036273405325]]],[[[98.01146523043614,11.856447128032585],[98.01430332353961,11.802447499452548],[98.04599078384764,11.797562111402357],[98.05181018259391,11.786182668495456],[98.03571145551938,11.782553560498407],[98.06510078557288,11.774664063595694],[98.04337742592753,11.763220737347154],[98.0562976170415,11.759940327084436],[98.05326997652827,11.725698829937045],[98.06957099350664,11.720431014180019],[98.08790040078289,11.740173666481532],[98.07588984783824,11.702862851539372],[98.04863372586586,11.693294430093978],[98.07200127014258,11.685675594053432],[98.05637712070764,11.668117416585563],[98.08993022280163,11.649924704461586],[98.09177388965334,11.62705661127362],[98.0516523075081,11.644717891517494],[98.03894242015663,11.687851626951037],[98.02447847350282,11.67937053442268],[98.01131732973104,11.693495099419312],[98.03663519056161,11.714299819581061],[98.03523420689316,11.728172974603165],[98.01157859267796,11.722136180040707],[98.01401378770616,11.74762749041641],[98.03116959050428,11.751048621196944],[98.02650212167568,11.76699973445022],[98.00730844253061,11.758421503449664],[98.02034116851019,11.78042395420212],[97.99229105308964,11.828245268204615],[98.01038468060857,11.857382222411669],[98.01146523043614,11.856447128032585]]],[[[98.48437896691586,11.856626691168945],[98.49896163217367,11.842929144064826],[98.47660582250079,11.829105349232524],[98.48184442647913,11.85809756744883],[98.48437896691586,11.856626691168945]]],[[[98.41145653858841,11.864796138930686],[98.44070921575779,11.848990404683487],[98.42596484879878,11.822361742400552],[98.40657258855416,11.842004039355011],[98.41102564461787,11.865197485675502],[98.41145653858841,11.864796138930686]]],[[[98.20832252756263,11.870875115294396],[98.20642517208412,11.852475649931357],[98.18780258851868,11.869733890007058],[98.20708724847783,11.871579863619871],[98.20832252756263,11.870875115294396]]],[[[98.21405429546942,11.888090467601028],[98.21564191274413,11.886942593625868],[98.21663751171184,11.887040828371628],[98.2171540616107,11.886161009922688],[98.21679154309531,11.884072951405663],[98.21712539841852,11.882547253353145],[98.21691873061494,11.88139868510126],[98.21690694769754,11.881333203664454],[98.21640742196503,11.880651314306764],[98.21473925601192,11.881653972053282],[98.21324814948257,11.881477408155913],[98.2109353737685,11.882766880387305],[98.20941720843746,11.882316013373359],[98.20773508050958,11.882325400496882],[98.20736635847072,11.882660646171924],[98.20962361273965,11.883700605998268],[98.21199727705275,11.883825542514867],[98.21299248571472,11.88438560431225],[98.21361440558046,11.88511438342211],[98.21367785454939,11.88554365051909],[98.21405429546942,11.888090467601028]]],[[[97.67652088852822,11.897639412428948],[97.67272246247168,11.827289489418455],[97.64869383555211,11.838187844493472],[97.6345534631719,11.868888190937263],[97.6767341069935,11.898307627594992],[97.67652088852822,11.897639412428948]]],[[[98.26899467606353,11.921568814449287],[98.29490154966687,11.894337529053786],[98.27941939059247,11.891694967448782],[98.27464475944815,11.853154431232035],[98.25880475743365,11.85084655142726],[98.24939701156289,11.911518704424736],[98.26829842183476,11.922480628078599],[98.26899467606353,11.921568814449287]]],[[[97.99812023915771,11.967307290499093],[98.00946991090778,11.958612919250896],[98.00283307158914,11.931935975964588],[97.99321329166014,11.958088297037314],[97.96282788599815,11.958643287557699],[97.99793785754612,11.97009107714154],[97.99812023915771,11.967307290499093]]],[[[97.98116614710007,11.972485777496619],[97.98070493518466,11.971928378591809],[97.97825423854232,11.973877165398935],[97.97824329019573,11.973957648426822],[97.97785619320884,11.976803111474407],[97.97820154906235,11.977120810477068],[97.98051292363257,11.977410275264052],[97.98122976154436,11.97822436046588],[97.98137454250119,11.978388782616264],[97.98321775069873,11.978896653158063],[97.98337463113438,11.97850324203101],[97.98290727684943,11.976276694214135],[97.98231528282416,11.975310825034565],[97.98139785382791,11.974598229225005],[97.98116614710007,11.972485777496619]]],[[[98.25084002954381,11.992142174022188],[98.27468134207032,11.947184685424958],[98.26135420503265,11.928081585097136],[98.22409604719493,11.951947554336225],[98.25005839367996,11.992149218411704],[98.25084002954381,11.992142174022188]]],[[[98.60564356060188,11.99347289545781],[98.67866753767686,11.977667538026523],[98.6854560755375,11.94821772856541],[98.61853012876243,11.968411902587292],[98.60366508447609,11.992960650613579],[98.60564356060188,11.99347289545781]]],[[[97.92240840972036,12.000079223477464],[97.91233330483824,11.98257624010138],[97.92219775612162,12.00363050054721],[97.92240840972036,12.000079223477464]]],[[[98.14461517974682,12.005539767546288],[98.14579854996313,12.002389721208736],[98.14564463279363,12.001475606214282],[98.14679122253696,11.999410588328082],[98.14692545354691,11.998632088400182],[98.14633391457862,11.998266241493901],[98.14528781148336,11.998334338159275],[98.1442303355616,11.99840317766457],[98.14288124547315,11.997851429200143],[98.14207843776973,11.997990544428191],[98.14138761094954,11.99930587846357],[98.1410295800511,11.999987567272438],[98.13978310620544,12.001195765971925],[98.136472266482,12.003353378955314],[98.13637378352341,12.0045139495592],[98.13808565652792,12.003596811943304],[98.14038417259152,12.003057480418441],[98.14287484679681,12.003752932451913],[98.14461517974682,12.005539767546288]]],[[[97.74545346380637,12.013569256516007],[97.74580568148708,11.991760775139667],[97.74466546793711,12.014756991142303],[97.74545346380637,12.013569256516007]]],[[[97.98419391981359,12.028801672059583],[97.99376376218797,12.006810287464805],[97.96987624609196,12.018175743216005],[97.983537576598,12.029462018157652],[97.98419391981359,12.028801672059583]]],[[[98.55163520949735,12.02061384035645],[98.54299540101697,12.008318388482916],[98.53202473685222,12.025600353573548],[98.54946346007065,12.034839602465727],[98.55285599151088,12.023519008495484],[98.55163520949735,12.02061384035645]]],[[[97.7879202494201,12.047903164399528],[97.75889320855485,12.041856575320761],[97.7848889135926,12.048763789517277],[97.7879202494201,12.047903164399528]]],[[[97.94147498678129,12.047693772549625],[97.94071392111061,12.047400339054434],[97.94031365984755,12.047748954950318],[97.94013337545498,12.0488564052989],[97.94040144177319,12.050494330648917],[97.9410878781031,12.051387652418274],[97.94103671387327,12.054130426378137],[97.94122362806806,12.054791482041324],[97.94129526356559,12.055044839947445],[97.94216403114515,12.053496295517693],[97.94296737304589,12.049067366465835],[97.94175613194,12.047802166936513],[97.94147498678129,12.047693772549625]]],[[[97.69455010300494,12.049188405320685],[97.65027391381012,12.017191355196907],[97.65402360020902,12.045098075515778],[97.67819351961536,12.060171048455167],[97.69388058651994,12.049848795485548],[97.69455010300494,12.049188405320685]]],[[[98.40345482068344,12.063998915617521],[98.39122631614167,12.059243385174131],[98.39951452657421,12.064950022425677],[98.40345482068344,12.063998915617521]]],[[[97.65505051087246,12.066826638638503],[97.64771728962124,12.042041989446325],[97.63526000384613,12.055448389131914],[97.65395115891889,12.067070304550928],[97.65505051087246,12.066826638638503]]],[[[97.96104450070325,12.067274738438435],[97.98286688919568,12.062002870336194],[97.96178789289701,12.057811602423548],[97.95956372198823,12.030162849935596],[97.94991085959855,12.06563775647734],[97.96038452152847,12.067872426071599],[97.96104450070325,12.067274738438435]]],[[[98.0041346648829,12.074971012402344],[98.02295302456251,12.074932041180805],[98.0192339079186,12.059371029549467],[97.99506403257905,12.069971075005167],[98.0037764595161,12.075141593110036],[98.0041346648829,12.074971012402344]]],[[[97.97817150451141,12.104794238363489],[97.97184549247551,12.088992605924073],[97.9778182400198,12.10702757336389],[97.97817150451141,12.104794238363489]]],[[[98.43776434974497,12.101334019449514],[98.46541736771742,12.086167486440388],[98.46016679106458,12.070253861426647],[98.48110880352857,12.060345235444267],[98.5104369239249,11.995263629113214],[98.5581412064516,11.995972324563184],[98.61731058691413,11.960415353985429],[98.66872836801977,11.949866100440229],[98.66444652578664,11.926476324023113],[98.55447292758365,11.918233103075323],[98.50673830552846,11.87908275546484],[98.4736560884578,11.876405593343517],[98.45188153400566,11.926117879436656],[98.46447137355513,11.997062020495871],[98.44230866451328,11.98332129694036],[98.42102320096004,12.09279986512167],[98.43711251393147,12.104297791909676],[98.43776434974497,12.101334019449514]]],[[[97.99005300114517,12.115473770398285],[97.99634461681069,12.09585520655255],[97.98942264743727,12.117009660467456],[97.99005300114517,12.115473770398285]]],[[[97.9724159009731,12.120392968460777],[97.96783681661582,12.107816673600688],[97.9710731106356,12.121237971455287],[97.9724159009731,12.120392968460777]]],[[[97.9756152175683,12.125232809446626],[97.97565624553937,12.124456382456103],[97.97570837474176,12.123469832466846],[97.97546151803468,12.122965844298314],[97.97440771404483,12.124150610262493],[97.97310012497083,12.124718217371896],[97.97223975256259,12.124511211423336],[97.9717643655331,12.123563339476537],[97.9716294258574,12.123294283004768],[97.97132982211373,12.123180579919865],[97.97073234851912,12.12458277047855],[97.97069921209903,12.124660538453188],[97.97180511381501,12.125306343413008],[97.97211778380873,12.12567821757576],[97.97298265462582,12.126706850440868],[97.97389749897046,12.126896787256921],[97.975125178784,12.126000294478064],[97.9756152175683,12.125232809446626]]],[[[98.39000346568743,12.11264119733347],[98.38144350981015,12.127315403682978],[98.39000346568743,12.114861216971637],[98.39000346568743,12.11264119733347]]],[[[98.13650875917193,12.13682175841749],[98.13420776997266,12.125221598498012],[98.13585602493568,12.136460564603432],[98.13650875917193,12.13682175841749]]],[[[97.97718747082523,12.130740929450376],[97.98063422059288,12.117322986966336],[97.97766015089533,12.131915882911745],[97.97718747082523,12.130740929450376]]],[[[98.06841390867497,12.128605464071004],[98.06489608278802,12.139979395033137],[98.06872860753927,12.129601942575604],[98.06841390867497,12.128605464071004]]],[[[98.0015788096144,12.133824103099919],[98.01163807293877,12.125131485529636],[97.99275184412235,12.130688030428324],[97.9952638034818,12.146800210461336],[98.00107840254627,12.134744229162905],[98.0015788096144,12.133824103099919]]],[[[97.72929258818242,12.147740998448317],[97.74514804414694,12.130911880678838],[97.71889012557885,12.106815689492553],[97.72512057745274,12.147398608558987],[97.72929258818242,12.147740998448317]]],[[[98.05747692951672,12.144688171521953],[98.05634952950729,12.14265692407784],[98.05572980398732,12.142801755396778],[98.05492139170896,12.144170657549832],[98.05564998375982,12.145029837457052],[98.05660119488934,12.146151539362101],[98.05686992850443,12.148162289458128],[98.05743919756104,12.148635885038125],[98.05811942587088,12.148144645658906],[98.05819941067429,12.147006412416047],[98.05757885777811,12.145015227970365],[98.05747692951672,12.144688171521953]]],[[[98.6520954715289,12.156898103264865],[98.65095207707671,12.156471450497083],[98.64887400103436,12.158111657427092],[98.64702581059278,12.158257163237515],[98.64642987304032,12.15856162242098],[98.64638837202578,12.158943397220042],[98.64633960269055,12.159392038411884],[98.64701783180759,12.160638218179262],[98.64677170265205,12.161454411392011],[98.6474771875223,12.161703183655067],[98.64997924804392,12.161487899447007],[98.6507089309724,12.161098769992304],[98.6511245616493,12.160877120382882],[98.65245699449477,12.157728489578176],[98.6520954715289,12.156898103264865]]],[[[98.02511377617986,12.167931334163725],[98.0233926635407,12.166992348418212],[98.02306639759622,12.16754182429581],[98.02342765076556,12.168201137972176],[98.02472203059732,12.169100544554542],[98.02691516590224,12.170624448459563],[98.02780571056513,12.170469618478105],[98.02764194941649,12.169653352420337],[98.02638252982992,12.168623530651498],[98.02511377617986,12.167931334163725]]],[[[98.40145391456655,12.17412774849683],[98.4016635861057,12.144986443369707],[98.38857563096072,12.140372400565877],[98.3793486605123,12.158892505484772],[98.39909714671607,12.17437601803882],[98.40145391456655,12.17412774849683]]],[[[98.15226077871205,12.184023500684113],[98.14990343079873,12.163415491032112],[98.15166253979444,12.185605764294646],[98.15226077871205,12.184023500684113]]],[[[98.04981050854818,12.19556377205054],[98.03834959515777,12.185374512623678],[98.04804650544202,12.194895103626177],[98.04981050854818,12.19556377205054]]],[[[98.15566730360328,12.197947340597345],[98.1564301364417,12.196263490467704],[98.15637414375183,12.194347097240751],[98.15692671959248,12.193670392474662],[98.15737907768231,12.193116418188218],[98.15714214769201,12.192639838657712],[98.15662893068063,12.192745214919828],[98.15630018350679,12.193233513515874],[98.15580931374889,12.19396261458304],[98.15484483671989,12.196485245297847],[98.15405041519452,12.19671063518771],[98.15301592054831,12.19643446957511],[98.15249462672571,12.196727229478096],[98.15303862753073,12.197374383421153],[98.15325305018814,12.198589175949767],[98.15566730360328,12.197947340597345]]],[[[98.6645319856627,12.187559121456356],[98.6888702545587,12.201101968081382],[98.67001261159285,12.188320719525588],[98.6645319856627,12.187559121456356]]],[[[98.69988031352571,12.203618367393773],[98.68688833852606,12.205777489439637],[98.70147543474357,12.205191212404628],[98.69988031352571,12.203618367393773]]],[[[98.16055502269622,12.211068942078004],[98.1618836765904,12.209375566329403],[98.1619002519951,12.209002110259245],[98.16194448155272,12.208005546318898],[98.16135704259355,12.20598114991017],[98.16133756507662,12.205914024512662],[98.15992686153552,12.204304665228157],[98.15866342557665,12.203406547374293],[98.15835813182237,12.203547758022623],[98.15807188750772,12.204692849495466],[98.15738786046143,12.205591705692672],[98.15760855409155,12.206328589492873],[98.15745468548543,12.207048789969729],[98.15778190111389,12.207685041431557],[98.15578625782958,12.208130659102675],[98.15560310370039,12.208534599492257],[98.156089711571,12.208953290561983],[98.15817555775584,12.209372910631341],[98.15843396985191,12.210500256681541],[98.15952799152366,12.210135655336249],[98.16055502269622,12.211068942078004]]],[[[98.61239755460355,12.198691761615596],[98.61875749895951,12.211862038002671],[98.61463376293787,12.199866238436194],[98.61239755460355,12.198691761615596]]],[[[98.18418428857413,12.197305334373695],[98.19127039141551,12.212091786007203],[98.18562350152348,12.198896063302719],[98.18418428857413,12.197305334373695]]],[[[98.13878261942243,12.214998670951957],[98.15332717950577,12.201863116489683],[98.12727920766932,12.211721874165246],[98.1372242355101,12.214685434385316],[98.13878261942243,12.214998670951957]]],[[[98.70143458393898,12.210586968413914],[98.69973717293229,12.210556171130435],[98.69966878578595,12.210576356413746],[98.69623027290885,12.21159123324885],[98.69524325257413,12.21218199160566],[98.69936053056406,12.215659919969365],[98.70044925792699,12.21610014800348],[98.70181033058238,12.215065364674945],[98.70238057450396,12.214631822200847],[98.7031587470786,12.213390615684435],[98.70322933576533,12.211393274480095],[98.70288358690804,12.210931929465016],[98.70264147052751,12.210608865107083],[98.70143458393898,12.210586968413914]]],[[[98.43119307999672,12.21171109938782],[98.43069373952454,12.210929655978905],[98.42865890468481,12.213031667477544],[98.42752809984198,12.214778181467953],[98.42598769067943,12.21611585915959],[98.42490486646648,12.217056173203908],[98.42478533217744,12.218017907300624],[98.42529215321039,12.219069024116255],[98.4280319531122,12.219095459687765],[98.42847136456182,12.218791871048026],[98.42978167678304,12.215920905025776],[98.43116697267774,12.212885640959556],[98.43119307999672,12.21171109938782]]],[[[98.69057195353287,12.211628207975508],[98.68978742455002,12.21160123640804],[98.6895868757338,12.212035063967072],[98.69062481658209,12.214997925414014],[98.69128667983642,12.215838017210764],[98.69348936504221,12.216885935137864],[98.69436933457715,12.219396296401971],[98.69479664744739,12.219851210365093],[98.69545040061553,12.219954266376373],[98.69559925550128,12.219977731487205],[98.69639737054226,12.219673582569865],[98.69765557964139,12.218275393094999],[98.69895807945188,12.21739658818207],[98.69908948659057,12.217307929417473],[98.69919265411781,12.216722891648221],[98.6988572609539,12.216175271971238],[98.69832629851996,12.216072276214604],[98.69705405550032,12.215825486057405],[98.69569213208628,12.215024768378399],[98.69461091496181,12.214389087986074],[98.69264924716508,12.212597120460774],[98.69057195353287,12.211628207975508]]],[[[98.40708517514075,12.210129071399564],[98.41929178209016,12.210969276510916],[98.42710042004843,12.182693838649769],[98.40923045302301,12.173207085538603],[98.40144558774377,12.220227929175639],[98.40896879617306,12.211210832613858],[98.40708517514075,12.210129071399564]]],[[[98.24606480304826,12.223645071462993],[98.25139403260857,12.202611713959474],[98.24499860819931,12.223349108174805],[98.24606480304826,12.223645071462993]]],[[[98.21986160642803,12.22470886152481],[98.20693345901195,12.224169225129685],[98.22003319887308,12.224829591912187],[98.21986160642803,12.22470886152481]]],[[[98.41761721206475,12.228603265028667],[98.41869418169121,12.228349800103175],[98.42101993642099,12.229427504475762],[98.42270016408138,12.229392105361367],[98.42392906967085,12.226236648702379],[98.42393123793632,12.225506391107096],[98.4228423747758,12.223833736637676],[98.42237417782614,12.223114516421848],[98.42114915191192,12.222180699080084],[98.41914924404247,12.223142189460553],[98.41688218446525,12.223381879470171],[98.41654180456064,12.223898877231395],[98.41643761450442,12.225759441445113],[98.41611246911522,12.226614341478722],[98.415377207692,12.22713546532955],[98.41302740599008,12.22773066543786],[98.41438007897747,12.22912117200455],[98.41507045253944,12.229440595906812],[98.41514275353529,12.229474047988983],[98.41637652085979,12.229397995021504],[98.41761721206475,12.228603265028667]]],[[[98.6874068849199,12.21159305527529],[98.63513345554459,12.190268792271016],[98.66002469418434,12.229903866370314],[98.68739251465296,12.233393250298338],[98.68956600516711,12.215933996456826],[98.6874068849199,12.21159305527529]]],[[[98.45567536092922,12.235361840176825],[98.46919597091744,12.225258596407137],[98.45807050644882,12.212450535463923],[98.44578243710987,12.22964376624683],[98.455266137922,12.235263926489],[98.45567536092922,12.235361840176825]]],[[[97.8786054581754,12.23710033850994],[97.87777007882615,12.236430375061754],[97.87758741842468,12.23747426492546],[97.87679049498544,12.237698561239693],[97.87624616592788,12.238400103482036],[97.87692719553374,12.239132599489974],[97.8778165045281,12.242179878498657],[97.8790585645012,12.24346072713088],[97.8793167041027,12.243572615383943],[97.88042394850643,12.244052541291847],[97.8818988195749,12.242994939464932],[97.88202866369197,12.242051024535247],[97.88102793319261,12.240255651277362],[97.87961595351356,12.24012049936157],[97.87903782613479,12.239703238213892],[97.87889704716108,12.23960163101044],[97.87858810845445,12.238554816551591],[97.8786054581754,12.23710033850994]]],[[[97.94232650896134,12.231487000524663],[97.94016981778289,12.212387951642686],[97.94061208997599,12.246077742593794],[97.94204707161519,12.233409053185337],[97.94232650896134,12.231487000524663]]],[[[98.44585422459285,12.244759478567143],[98.43519502353158,12.252585297173798],[98.44618012721116,12.244843536400104],[98.44585422459285,12.244759478567143]]],[[[98.49390521555333,12.266090276045446],[98.47914702241724,12.271099040288544],[98.49639284015751,12.268357189033082],[98.49390521555333,12.266090276045446]]],[[[98.43379997358997,12.274611664496756],[98.43387525493912,12.272677655349614],[98.43340237342083,12.272125316030532],[98.43291003956669,12.272152007908929],[98.43142000952592,12.273135248393071],[98.42968668589188,12.272511701653762],[98.42920486781044,12.272621871302366],[98.42843608955393,12.27279765818546],[98.42707393771211,12.27671252935981],[98.42754191612663,12.278243027993415],[98.43143702200099,12.278675109968415],[98.43409853052283,12.27821470564415],[98.43422284650718,12.277779251211548],[98.43447159718653,12.276907925960042],[98.43379997358997,12.274611664496756]]],[[[98.33532408004227,12.284606515678206],[98.33486543749007,12.283914263432546],[98.3345813947157,12.284243654521084],[98.33487921960037,12.28552451844179],[98.33419650466503,12.286980247440468],[98.33412346712439,12.287902904195732],[98.332800001419,12.290135181593417],[98.33305415252717,12.291298820684013],[98.33357102078602,12.291682975089277],[98.33450135955019,12.291439238130394],[98.33463650247263,12.291292210667034],[98.33494119008387,12.290960730453357],[98.3361789135261,12.289026532448574],[98.33710424486512,12.286687599952803],[98.33666979317653,12.28499721714796],[98.3358032469224,12.284745630906166],[98.33532408004227,12.284606515678206]]],[[[98.52996396646392,12.27791103246821],[98.50677878401373,12.284547814230326],[98.53849561078384,12.293161034254382],[98.5326384207266,12.28111157933592],[98.52996396646392,12.27791103246821]]],[[[98.16198626855156,12.28701653148779],[98.16007556353655,12.285182255356894],[98.1564423942012,12.286429463049306],[98.15495487956414,12.28694010350305],[98.1548599651154,12.287069531233982],[98.1541141690337,12.2880865241738],[98.15439813806368,12.288455081636748],[98.1577062915122,12.29274864203623],[98.15999913555171,12.294430062197645],[98.16183341168271,12.294124348459942],[98.16290340616736,12.289997229188806],[98.16198626855156,12.28701653148779]]],[[[98.05840770265343,12.292846210384386],[98.05717772866925,12.292120694014827],[98.0568123305247,12.292203951451238],[98.05503639521355,12.292608600506568],[98.05407799310494,12.29239379743586],[98.05387746946964,12.292592595272097],[98.05440741566971,12.293936164422522],[98.05521319113598,12.295030709499674],[98.05536813353258,12.295161361207882],[98.05672796152625,12.296307991420704],[98.05757429911462,12.296489592420809],[98.05820673385378,12.296172031014482],[98.05886898651458,12.294289100661512],[98.05840770265343,12.292846210384386]]],[[[97.88109864598583,12.290847464439011],[97.86714534158432,12.282948440118421],[97.8783360770484,12.292336074450269],[97.88109864598583,12.290847464439011]]],[[[98.4666176766645,12.296812456229919],[98.4661603525183,12.296097993427665],[98.46449810950023,12.29591947620293],[98.4623566897095,12.296461238595299],[98.46017627891224,12.296418121499094],[98.45840609386623,12.29539825522535],[98.4580320694245,12.295929630448107],[98.45853297651568,12.296677767465066],[98.46005501252891,12.297777609549051],[98.4606261099071,12.298190290449615],[98.46125506966577,12.29864478442931],[98.46410839998268,12.300016731686888],[98.46661223846412,12.30268125653485],[98.46721160693018,12.302922362077403],[98.46768953454446,12.302768243459713],[98.46795332818367,12.301512097405428],[98.46684940497614,12.299145524246565],[98.46681087891896,12.29875763945348],[98.46679604550118,12.298608314222367],[98.4666176766645,12.296812456229919]]],[[[97.95628981202528,12.303149437296742],[97.94991970443088,12.279618812658097],[97.95510492465262,12.302743839456717],[97.95628981202528,12.303149437296742]]],[[[97.96870650150392,12.291326773411967],[97.96660411318928,12.304911358472456],[97.96919652320109,12.29348778493343],[97.96870650150392,12.291326773411967]]],[[[97.77746353701268,12.266137172992217],[97.77303660895245,12.285742151678999],[97.8003570900078,12.304208773016509],[97.78087859557084,12.266390142391245],[97.77746353701268,12.266137172992217]]],[[[98.08162566359358,12.29487582915619],[98.13633323219294,12.284637642113502],[98.12614566888755,12.276281858421076],[98.13847555580229,12.272124409513982],[98.12603760455184,12.230764320617013],[98.13614078087237,12.219855531607568],[98.12682944951956,12.22700624803997],[98.1035154265957,12.200355480421162],[98.1461825577789,12.195016115501364],[98.13345017298717,12.174154580669402],[98.14875475552756,12.1372386634336],[98.1336706246996,12.1508993401325],[98.12891487662036,12.140297760433313],[98.11515490397568,12.167904877008503],[98.08031152205915,12.163073429395318],[98.06770152600468,12.195535693417611],[98.0459193866704,12.204094285922626],[98.05794027912066,12.279693038203185],[98.0821925998087,12.296194469998841],[98.08162566359358,12.29487582915619]]],[[[98.06362779408747,12.30309615966004],[98.06290446307061,12.302379908106328],[98.0605096835751,12.302407859934824],[98.06046889662235,12.30238265913249],[98.0588863668124,12.30140488742569],[98.05848606597921,12.302373334062175],[98.05879488957257,12.304781961318486],[98.0591364664748,12.305612404289054],[98.06061824253798,12.307148350116378],[98.06083845053409,12.308845329448456],[98.06116698456873,12.309086068067629],[98.06145528473363,12.308183801641167],[98.0605540570241,12.306242932465391],[98.06055448959808,12.304666458690225],[98.06071371996227,12.304514222353532],[98.06091828515088,12.30431864498954],[98.0630812095303,12.304052367422877],[98.06352515356303,12.30367009709735],[98.06362779408747,12.30309615966004]]],[[[98.08746062690646,12.306588535632454],[98.08732452710525,12.3059614095914],[98.08613597859258,12.305793682432483],[98.08556246383671,12.304954664426212],[98.08505326049962,12.304944009258708],[98.08395818302381,12.306024493435682],[98.08384640358877,12.305981287306608],[98.08304706367113,12.305672316224467],[98.08177055516708,12.306147633106853],[98.08110098742067,12.306876956306553],[98.08114206755242,12.30782915938827],[98.08281264908454,12.30900039145498],[98.08396508711915,12.309253850984433],[98.08494935372977,12.309090038574485],[98.08622037547006,12.307823959508188],[98.08746062690646,12.306588535632454]]],[[[98.06831502461873,12.303440965128484],[98.06790849418178,12.303407386241968],[98.06760734810072,12.303813877108801],[98.06686439477609,12.306312132598837],[98.06784472145681,12.308159603582943],[98.06812869318472,12.309467326655884],[98.06911770551781,12.309737271657792],[98.07015687394059,12.309163581534118],[98.0702316696559,12.308917454177223],[98.0707021607761,12.307369229006756],[98.07034700321168,12.306838374491477],[98.07012695799283,12.306509469936152],[98.06843364159933,12.30558929261186],[98.06831502461873,12.303440965128484]]],[[[98.35828194985211,12.2909246082841],[98.3572662600299,12.310236529392323],[98.3585026920456,12.292447635350165],[98.35828194985211,12.2909246082841]]],[[[98.26050627474488,12.303651078234775],[98.25870233814238,12.303413717469155],[98.25785277648457,12.304088973427415],[98.25729125868466,12.305541754448498],[98.25612138459427,12.305885474435193],[98.2555001356228,12.306391974410133],[98.25531307663725,12.306934062357108],[98.2555444461194,12.307675194554676],[98.25615780803648,12.308582515171004],[98.25769884492577,12.308925366412534],[98.26011659850232,12.310407957261468],[98.2621236047206,12.310380299511245],[98.26253775151613,12.309828316323731],[98.26271785784296,12.308657422402177],[98.26260482655161,12.308275809481092],[98.26146889647245,12.304440655112256],[98.26118659298689,12.304209099470395],[98.26050627474488,12.303651078234775]]],[[[98.04819553209819,12.313271894182595],[98.034942635894,12.306675951533993],[98.04811566510588,12.314274023127755],[98.04819553209819,12.313271894182595]]],[[[98.0801503167838,12.31349739199111],[98.0796621890589,12.313097946413162],[98.07797172351631,12.313297647168739],[98.0770060135168,12.313936953627532],[98.07627418390655,12.314421427407026],[98.0758306769442,12.315448972092454],[98.07616002846261,12.316340342333007],[98.07720829262865,12.316699275251416],[98.07791721650639,12.316521580906311],[98.07837211877833,12.316013712163073],[98.08010896955335,12.314074625443613],[98.0801503167838,12.31349739199111]]],[[[98.39505553858231,12.317868407401175],[98.38583531304928,12.265135370501032],[98.36944102108627,12.31417201662531],[98.38927359300203,12.307898104114287],[98.39091931007816,12.318662941341682],[98.39505553858231,12.317868407401175]]],[[[98.62165838452691,12.312589511996372],[98.61393783246507,12.320357407068702],[98.62250178043283,12.312797383092796],[98.62165838452691,12.312589511996372]]],[[[98.59532415218796,12.319252723034765],[98.6163791779567,12.312930469265812],[98.5736450931466,12.320905971033799],[98.59215051213648,12.31954337043025],[98.59532415218796,12.319252723034765]]],[[[98.39301381853292,12.329210866588255],[98.39266336352347,12.328357475617032],[98.39214674257815,12.328152850173954],[98.39036028879636,12.32839480647517],[98.38934408006533,12.327903258628478],[98.3878808327343,12.326641409973135],[98.3873674916165,12.326879275258381],[98.38728715248018,12.327835032460829],[98.38853311820891,12.329767439016134],[98.38856159074489,12.329811598426573],[98.39236639659198,12.330860900410276],[98.39283887251605,12.330684326620464],[98.3929531961331,12.329721449485373],[98.39301381853292,12.329210866588255]]],[[[98.066458425516,12.313158573309554],[98.07450574174663,12.333123090158512],[98.0686400755791,12.315359896941732],[98.066458425516,12.313158573309554]]],[[[98.5338102571377,12.31852299963679],[98.52066800272621,12.325474190681426],[98.53799452652628,12.340642001627153],[98.54765549900216,12.328958622042826],[98.53588988271194,12.320216375385481],[98.5338102571377,12.31852299963679]]],[[[98.40345603296961,12.335973548040865],[98.39340306669827,12.34859988117963],[98.4023646795864,12.338085994373213],[98.40345603296961,12.335973548040865]]],[[[98.5021371266271,12.332346713530015],[98.50364007452986,12.348957126969914],[98.50583457950226,12.336040512459675],[98.5021371266271,12.332346713530015]]],[[[98.25064062556444,12.338140411450812],[98.25148354752778,12.288757058691399],[98.24446009056084,12.350099753400986],[98.24939336751001,12.339393361314674],[98.25064062556444,12.338140411450812]]],[[[98.08093193556043,12.337067285526867],[98.08225649753938,12.359188507044014],[98.08188509462153,12.338615085317958],[98.08093193556043,12.337067285526867]]],[[[98.17806111412914,12.359023717070968],[98.16485944061075,12.358341231462674],[98.17788759443701,12.359401672449252],[98.17806111412914,12.359023717070968]]],[[[98.18182532188112,12.363935051461524],[98.17300457250309,12.37136385805567],[98.18196895979966,12.365826394072851],[98.18182532188112,12.363935051461524]]],[[[98.13151356120191,12.371938849498306],[98.13090964576364,12.356900393438494],[98.15775297262167,12.355657904488723],[98.14021254507303,12.344180264607537],[98.16160365558429,12.336343991382112],[98.11291441846575,12.328851418358319],[98.108043382696,12.346076733354646],[98.0984318657381,12.332031653138372],[98.09931088468969,12.362407361410618],[98.12989027861357,12.371971008355395],[98.13151356120191,12.371938849498306]]],[[[98.22193030703812,12.371489482553585],[98.23170770664541,12.378058608318184],[98.23425320262332,12.359407449694068],[98.21291257555498,12.360163118533126],[98.22155168616143,12.37167544706422],[98.22193030703812,12.371489482553585]]],[[[98.0120930417605,12.381585623477761],[98.01535189797178,12.364661508521898],[98.01155219667658,12.381118528197618],[98.0120930417605,12.381585623477761]]],[[[98.41595428556185,12.380447141122705],[98.41186060218513,12.374868861408824],[98.41124420775408,12.374974663949597],[98.41100486308403,12.375685926964039],[98.41100594047191,12.378889533325385],[98.4110064135152,12.380286957477157],[98.41128738960141,12.381562525290398],[98.4141351845912,12.385638316655076],[98.4148878389027,12.385981866669823],[98.41575163952662,12.385938173108254],[98.41621368961015,12.385562936380431],[98.41644035563796,12.384843265604303],[98.41646492151902,12.382645738909822],[98.41618294358805,12.381431654147587],[98.41595428556185,12.380447141122705]]],[[[98.14484037358444,12.38529423244293],[98.13347340157627,12.379925729488836],[98.14477843457719,12.385719609972043],[98.14484037358444,12.38529423244293]]],[[[98.4351375235779,12.382648268702642],[98.4265782745678,12.361126133264463],[98.42086840065626,12.378882207447969],[98.43642840055033,12.393074905082887],[98.43493628318306,12.382886687070979],[98.4351375235779,12.382648268702642]]],[[[98.48721616159665,12.346697274559645],[98.46758690750985,12.324787805612822],[98.42356089352047,12.32674187233956],[98.47047572777268,12.397442106468123],[98.4946417198395,12.36837721403726],[98.49029420101661,12.350790086493365],[98.48721616159665,12.346697274559645]]],[[[98.42243322011711,12.398870612089116],[98.42345393085428,12.398464843377862],[98.42413055648004,12.398771769401659],[98.42446472746524,12.397147229561053],[98.42378940675574,12.39566663700574],[98.42337824570956,12.39379707867226],[98.42179759278474,12.393076942946632],[98.42156673681555,12.392873881424546],[98.41976096469679,12.391285515014502],[98.41891171870095,12.390861361462754],[98.41848128158593,12.390990321546166],[98.41826877898109,12.391521358623855],[98.41826342082024,12.391989449453597],[98.41822575721298,12.395279759453434],[98.42003525252497,12.397591615160927],[98.42172288610239,12.398703101666872],[98.42243322011711,12.398870612089116]]],[[[98.4372903278864,12.412248278435353],[98.43693967862336,12.41144549411429],[98.43743139014659,12.411562124492445],[98.43834954399634,12.41251240842097],[98.43820061086953,12.411241622303123],[98.43633185652999,12.40853865323633],[98.43433062755643,12.406929493601279],[98.43255854673959,12.406826907935539],[98.4322375607149,12.406808326143434],[98.43133580959996,12.407341737431285],[98.43090546781313,12.408526873916145],[98.43190400756401,12.41121896298479],[98.43292760152765,12.412572311363132],[98.43355478242731,12.412945199061717],[98.43533373046729,12.415292725478885],[98.43673442905073,12.417913960560853],[98.43712459542381,12.417969857023333],[98.43763930890702,12.416834819071706],[98.43889122455043,12.41407410543561],[98.4372903278864,12.412248278435353]]],[[[98.01221470114758,12.422602054441331],[98.01213356521193,12.42011027856654],[98.01127739803353,12.419128205402416],[98.00997686683897,12.419141132257469],[98.00857658374238,12.419844569371449],[98.00718104546891,12.418877500496336],[98.00577229255734,12.418969685502631],[98.00479984393768,12.419033317933334],[98.0043548575907,12.419418768261611],[98.00603985075854,12.421126228292842],[98.00770309652073,12.421044225410668],[98.00835402671704,12.421266741966605],[98.00965389421194,12.423104547936589],[98.00934430979214,12.424956828494857],[98.00715586355227,12.426434041397968],[98.00692635386821,12.427072753404897],[98.0090604747612,12.428765902524471],[98.0111367548574,12.428864791976565],[98.01187930798378,12.428127640178474],[98.01191655250697,12.42801765219291],[98.01215303913156,12.427319286356017],[98.01154154150898,12.424797143073793],[98.01221470114758,12.422602054441331]]],[[[98.13957936749385,12.43145947547449],[98.1680861037907,12.409196264496089],[98.13768065313967,12.405204747701045],[98.11940641657294,12.419542840529715],[98.13877782963314,12.432455515109972],[98.13957936749385,12.43145947547449]]],[[[98.09411180051922,12.437386511378431],[98.0983579225801,12.41500417710116],[98.12310824375054,12.402907979020114],[98.10986774200273,12.403981733570188],[98.09528353980357,12.362799801269894],[98.05882929853333,12.362433035256423],[98.06936711000421,12.352050802002953],[98.05851269850233,12.334315881672605],[98.00093273755589,12.304364690278277],[98.00992510366069,12.269810390936872],[97.97969021663032,12.317512171549513],[97.97089002665349,12.310640132536118],[97.95968017250199,12.327892051277253],[97.94213895714726,12.317227229453106],[97.97592149877812,12.347754348484393],[97.96846457308165,12.370396116487633],[97.93740832893126,12.339157906212414],[97.95362881881496,12.386263202484912],[97.97587337965282,12.39336844739601],[97.97384303153075,12.374057144121927],[98.02806306955507,12.417733793080096],[98.02479314718612,12.389430795494846],[98.00205602406628,12.384782018175663],[98.01238030320854,12.360373950197697],[97.99057114644125,12.349787619403138],[98.0228081042107,12.369089564332011],[98.036928873169,12.355269990018133],[98.0934914985339,12.437610487534009],[98.09411180051922,12.437386511378431]]],[[[98.45138547246165,12.425864525927185],[98.4470160965157,12.41796210127005],[98.44640402962236,12.418623288234162],[98.44545039841724,12.421376983561036],[98.44528016304913,12.421485902252613],[98.4445621838977,12.421945275054455],[98.44430414861763,12.42507490408363],[98.44483122687964,12.42621133148781],[98.44484434798838,12.426364409589915],[98.44415935057359,12.426511426261374],[98.44407533680742,12.427384540264338],[98.44378521011942,12.428563027162006],[98.44433722208524,12.430310100530825],[98.44433272187766,12.431391822174906],[98.44479799153414,12.431475567943181],[98.4449381688615,12.432214762101598],[98.44560298279144,12.43313630639545],[98.45582904967095,12.440471382948001],[98.45682370884712,12.440566564495356],[98.45689367610231,12.43965518703732],[98.45692065216646,12.439303800330123],[98.45447120018584,12.432445466984706],[98.45138547246165,12.425864525927185]]],[[[98.21832847098223,12.438236461543525],[98.21812854359744,12.438018541422643],[98.21768707719694,12.438060317629581],[98.21708221657109,12.43909132740287],[98.21698645496099,12.439966307499159],[98.21672947278695,12.44062303922194],[98.21624406281332,12.441622414442918],[98.2160055518148,12.442958073156593],[98.21617825851983,12.443050336403946],[98.21715601853555,12.44382631643138],[98.21765101798017,12.442958356443054],[98.21806887178107,12.442754727448765],[98.21832847098223,12.441536752219381],[98.21832847098223,12.44062303922194],[98.21832847098223,12.439909201448515],[98.21832847098223,12.439309578474308],[98.21832847098223,12.438595738002952],[98.21832847098223,12.438236461543525]]],[[[98.03037744156573,12.441896441467634],[98.0139220595554,12.437078497174955],[98.03041806843916,12.442733121236568],[98.03037744156573,12.441896441467634]]],[[[98.51218948495685,12.445297089289284],[98.52473029346832,12.408543566232652],[98.50186146103763,12.371555542254494],[98.48902493565234,12.387961337445827],[98.51438383704443,12.403939831458096],[98.50053530456074,12.434640909050806],[98.51152427352646,12.445697565490285],[98.51218948495685,12.445297089289284]]],[[[98.22043088088049,12.448467641968172],[98.21973628769956,12.447679575951728],[98.21915003044961,12.448560430419583],[98.2188730266689,12.450364470443972],[98.2178601085572,12.451360294242239],[98.2176940064733,12.45162355997936],[98.21659497377911,12.453365500017885],[98.21664544013501,12.454230216151604],[98.2174681525333,12.45516451013405],[98.21857128613598,12.454725440426792],[98.21910063968285,12.453194042471146],[98.21938210050364,12.45237978459944],[98.22063442353993,12.451233220936494],[98.22043088088049,12.448467641968172]]],[[[98.21349492794859,12.455890178488968],[98.21390820599895,12.455062339055786],[98.21387459113951,12.452945879049157],[98.2143819059003,12.451673680096306],[98.21432805359687,12.44987820791302],[98.2139206930856,12.449449409362753],[98.21326949399202,12.4498602160762],[98.21269650713813,12.450649377466835],[98.21134997562092,12.45250392341742],[98.21058463996927,12.455202009165397],[98.2107351325204,12.455547490024696],[98.21215764955593,12.455352182457332],[98.21243086359355,12.45571209923407],[98.21289023369738,12.456317248542245],[98.21349492794859,12.455890178488968]]],[[[98.08965688555688,12.45586012404559],[98.08990968048747,12.455398945405069],[98.093954753709,12.455485958410314],[98.09492919072959,12.454914110098144],[98.09512858661508,12.454373072559285],[98.094888825559,12.453638441560852],[98.09344921870651,12.452925837657322],[98.09342322380277,12.452872327995554],[98.09259434205526,12.451166162988144],[98.09204327887423,12.451156863098753],[98.09085517552599,12.45209299799351],[98.08885091763575,12.452850513140742],[98.08832890345623,12.455078905467229],[98.08690771202139,12.455907866354984],[98.08566989954637,12.457676952429416],[98.08434789254126,12.458616034402489],[98.08426889789142,12.459374157491418],[98.08575278556265,12.460706716241962],[98.08591726796759,12.4606681775944],[98.08800113654324,12.460179892488096],[98.0886810941572,12.459684362443365],[98.08916094542134,12.45815269918776],[98.08988961481398,12.457239153464247],[98.08965688555688,12.45586012404559]]],[[[98.58834514151512,12.432013658403637],[98.57321245269256,12.461932565935271],[98.58868762313534,12.43272374960139],[98.58834514151512,12.432013658403637]]],[[[97.83462949055857,12.438117545088708],[97.82210760378301,12.429263687169442],[97.82109573248214,12.47340650150884],[97.83804455181468,12.440014801641816],[97.83462949055857,12.438117545088708]]],[[[98.52756229006768,12.467422095153577],[98.52678675790261,12.467314615377209],[98.52553464710633,12.468188235698538],[98.52506664620883,12.469237852444945],[98.52488614058299,12.47113937807994],[98.52421670054039,12.472567968237133],[98.52391176921283,12.473218700582652],[98.52433647584776,12.47491122737133],[98.52539924248113,12.476550833554242],[98.52612904681817,12.4759101565285],[98.5266849915192,12.474761965991984],[98.52671819358982,12.47433038314075],[98.52689132747287,12.472079895370921],[98.52773765157148,12.469683207514034],[98.52756229006768,12.467422095153577]]],[[[98.1728963175111,12.475435584284774],[98.17190505417497,12.475150640389806],[98.17158916550767,12.475596164531385],[98.17215044049051,12.476794669438526],[98.17106307560047,12.479498996481539],[98.17109403656058,12.48189826629201],[98.17156799097008,12.48238170135448],[98.17394301955481,12.482580480304936],[98.17494430313708,12.482664284529207],[98.17499086553607,12.4816639002688],[98.17387389316575,12.476243451574106],[98.17346158458452,12.475598074691415],[98.1728963175111,12.475435584284774]]],[[[98.15620728803601,12.48771461993384],[98.1442744086371,12.469250469033963],[98.1433680898655,12.490970211606086],[98.15569235601747,12.499274924598133],[98.15636681967307,12.488128422288977],[98.15620728803601,12.48771461993384]]],[[[97.80027278755912,12.494623831524695],[97.7901335745049,12.5091240964],[97.8013273847511,12.494704953071153],[97.80027278755912,12.494623831524695]]],[[[98.50058341559216,12.514815503632612],[98.51771872284084,12.496354401434559],[98.49852613907014,12.436725854114869],[98.51518986701885,12.41223524366156],[98.48769919556148,12.390269081453006],[98.46344086650281,12.416291186089431],[98.47733275350382,12.499017245449537],[98.49985182250366,12.517558917010415],[98.50058341559216,12.514815503632612]]],[[[98.28798292397283,12.531629078419279],[98.2868966166856,12.531328047451481],[98.28604282551602,12.531585490977623],[98.28558590876278,12.533351841314463],[98.28537348080161,12.534173044650373],[98.28565585983011,12.534586843408121],[98.2874059702094,12.535076642073392],[98.28828823301559,12.535816883042713],[98.28893335179283,12.532160286368196],[98.28859332172446,12.531798227406362],[98.28798292397283,12.531629078419279]]],[[[98.48241376568282,12.554629664227676],[98.4758243925817,12.545906875302112],[98.48156240268281,12.55647428615941],[98.48241376568282,12.554629664227676]]],[[[98.27931146295373,12.556686456914509],[98.28213208852515,12.55187922714461],[98.2819385049581,12.550813427997362],[98.2812571435024,12.550154460559945],[98.27936042474381,12.550940142473607],[98.2784692181799,12.550419281224897],[98.27795972705985,12.550121511198839],[98.2768202815308,12.549904293448474],[98.27671101390226,12.549883462451902],[98.27526051446125,12.550081839405433],[98.27306429717962,12.55131747911847],[98.27148103891886,12.552867515523477],[98.27157928355714,12.554013821980345],[98.27017225284725,12.553913615920717],[98.2687847545129,12.55594624652215],[98.26855968658033,12.558513584334449],[98.26955090854769,12.562283348098088],[98.27007908668055,12.56297516597121],[98.27105001814388,12.56324786020063],[98.2727595250321,12.563203279907484],[98.27413047314288,12.5628829234082],[98.27515233411302,12.562152588471228],[98.27931146295373,12.556686456914509]]],[[[98.25386982753062,12.567212333482466],[98.29075477391379,12.513285298177998],[98.2668858207241,12.489854633184802],[98.23712462819903,12.489867599610069],[98.22166841456571,12.526292234299227],[98.25344184286682,12.567411277008919],[98.25386982753062,12.567212333482466]]],[[[98.29956126364146,12.573801287499439],[98.2994784216918,12.573797107450599],[98.29855841883604,12.574244529161746],[98.29839304160565,12.57457125016311],[98.2982750487545,12.574804361631994],[98.2984620070161,12.575514811659247],[98.29978890363508,12.576369169401666],[98.30083075563495,12.575446382244845],[98.30176335619394,12.575103185663558],[98.30161577205028,12.574532220485665],[98.3006354255845,12.573855491437843],[98.29956126364146,12.573801287499439]]],[[[97.85344921271107,12.591897145337047],[97.88076969556506,12.565620153947052],[97.85572591751718,12.539438026643687],[97.82309312045119,12.58155710197871],[97.82793112592077,12.591897145337047],[97.8461447796579,12.581367376503291],[97.83884034300743,12.599011855612638],[97.85363893998515,12.596450560345115],[97.85344921271107,12.591897145337047]]],[[[97.85789542313535,12.601881603053563],[97.85193140800808,12.615423115084731],[97.8606587825768,12.604798483063536],[97.85789542313535,12.601881603053563]]],[[[97.87782894754795,12.62405562916403],[97.85771803905628,12.620071391481588],[97.87166286554883,12.624435080114868],[97.87782894754795,12.62405562916403]]],[[[98.63995668605229,12.649628200481175],[98.64174277201133,12.648686304529452],[98.64332279451136,12.649245123463778],[98.64434116611201,12.649291511394253],[98.64468042456205,12.64758801647384],[98.64476741508422,12.647151213957372],[98.6444381040353,12.645736886148459],[98.64113233558885,12.645101398210986],[98.63974392264397,12.645056960010756],[98.63799792216643,12.645627145476443],[98.63790231254178,12.645658368139209],[98.63751733345823,12.646389409943367],[98.63747050306134,12.648221700371195],[98.63811731795995,12.64887956523982],[98.63995668605229,12.649628200481175]]],[[[98.21541238057691,12.645011077499277],[98.22366662451512,12.637062548198127],[98.21011336284145,12.635635890683869],[98.21622761511243,12.647456779307017],[98.21541238057691,12.645011077499277]]],[[[98.19327994901052,12.651720677367425],[98.19034394401787,12.649800575336275],[98.18861157276591,12.65112533246818],[98.18463730676642,12.652959607699795],[98.18583461107846,12.653651796992879],[98.18822582656071,12.65503422045294],[98.1911591785533,12.656730062142682],[98.19369009382285,12.657805703470512],[98.19523534493524,12.658462435193293],[98.19462886103312,12.656517385968677],[98.19666200514743,12.654182458153937],[98.1940124944811,12.65326532143741],[98.19327994901052,12.651720677367425]]],[[[98.21816379612234,12.660194806445165],[98.20746385397378,12.66661477245384],[98.21635545553991,12.661357311490814],[98.21816379612234,12.660194806445165]]],[[[98.32159316089569,12.670314848651362],[98.34687854271061,12.661866227944149],[98.35872254750763,12.678082165459589],[98.36528482313621,12.655720329429684],[98.38120263988998,12.663088024392874],[98.4063278659383,12.631581517573029],[98.38397552045397,12.57553938563419],[98.40783094514205,12.552819516907196],[98.41075958468716,12.56444617804869],[98.4285296370332,12.520697228993946],[98.44503255181085,12.569229676508428],[98.43349498290722,12.592633101036807],[98.44688416147494,12.584942223005221],[98.43794523758265,12.606600371909668],[98.45987860781159,12.60587860931047],[98.48012342355717,12.566402154935549],[98.4649401038028,12.555185197938531],[98.45716672556402,12.451083275173044],[98.4274601533634,12.434264138079584],[98.36164518407807,12.320999177669986],[98.33804357864831,12.312370670070457],[98.31352072749965,12.32077121212177],[98.30356605892655,12.343855407001477],[98.33094928208371,12.4361420394237],[98.3143453968226,12.495312361476326],[98.33188769675981,12.53146634519576],[98.31154442953188,12.53641061365894],[98.29364078559382,12.647639114153794],[98.30597171392353,12.687360755194707],[98.32137395654289,12.670377827274923],[98.32159316089569,12.670314848651362]]],[[[98.620862891909,12.708620163589742],[98.6198977080129,12.707880704131277],[98.61916734969348,12.708029879175594],[98.61899051599966,12.708065999546289],[98.61852316980848,12.708677046608482],[98.61756279998332,12.71125655944266],[98.61783689805449,12.712084517586483],[98.61915580509638,12.711880872404343],[98.62017367307668,12.711723710480868],[98.62071759653993,12.710453716665779],[98.62135985277506,12.709858834917295],[98.62119520849214,12.70900769944577],[98.620862891909,12.708620163589742]]],[[[98.62640605309701,12.719276177453661],[98.62464532262368,12.717405981500892],[98.62310464366442,12.718342075926067],[98.6219453006352,12.718694074172262],[98.62184407564361,12.719180767478452],[98.62150880208954,12.720792773467767],[98.62164288651009,12.722983016553066],[98.62262297397113,12.723704894265516],[98.62331013785258,12.724211025518425],[98.62269292953506,12.72491404444763],[98.62268233552139,12.725364937541869],[98.62384956650438,12.725958040431337],[98.62454845304875,12.725699771327456],[98.6249470820422,12.724833159422818],[98.62637070884122,12.723359380131324],[98.62668671711837,12.722449987476988],[98.62640605309701,12.719276177453661]]],[[[98.59901479449722,12.73412214622008],[98.59862542942015,12.733668087512292],[98.598069090816,12.734209384955161],[98.59778296790974,12.736395437199718],[98.59811504797115,12.738812470419244],[98.59954479285798,12.739861757114465],[98.59998560005548,12.739897800143382],[98.60050191253332,12.739940016118897],[98.60123705974256,12.73915355898961],[98.60141098952558,12.738199028462368],[98.60121175371951,12.737223353075308],[98.60074253783789,12.736136962151154],[98.59901479449722,12.73412214622008]]],[[[98.63144242382884,12.75709213799184],[98.63253976849553,12.75625176560656],[98.63351905915735,12.756659384223287],[98.63398293216669,12.756495950427812],[98.6353823609073,12.756002897116034],[98.63591811942574,12.755476985274669],[98.63610667758114,12.754058543067334],[98.63577584757739,12.753582097535773],[98.6341594690843,12.752828274105607],[98.63402332251837,12.752806180460915],[98.6324931665265,12.75255787044943],[98.63162579559409,12.75299750942754],[98.63019758854794,12.754364067947485],[98.62947975148936,12.754722838088547],[98.62921340287632,12.755453619089238],[98.62948187478875,12.75637243843731],[98.63012401950793,12.756948204196291],[98.63144242382884,12.75709213799184]]],[[[98.62755663852812,12.744924173112157],[98.67186852721085,12.749882913465779],[98.68689213276575,12.718356149416795],[98.62695119604095,12.72627638964375],[98.61776979693862,12.759585391452685],[98.62746727289642,12.744960010196301],[98.62755663852812,12.744924173112157]]],[[[98.66763274105817,12.756834573956496],[98.66626231095695,12.756759687409666],[98.6656884517607,12.757058263228313],[98.66657985257821,12.758908393507603],[98.66660592752157,12.758930318979086],[98.66721150760507,12.759439576275508],[98.67007347950756,12.76031676600596],[98.66997254319838,12.759478326263793],[98.66949476756955,12.758423368443758],[98.66913128048432,12.757620762188523],[98.66763274105817,12.756834573956496]]],[[[98.36087347313234,12.708843892431773],[98.34099298084145,12.724742952924991],[98.33247831572173,12.783802111578243],[98.36164556988714,12.708981767494606],[98.36087347313234,12.708843892431773]]],[[[98.64825947269654,12.765977166413197],[98.61618158791006,12.764082454941391],[98.60871838854284,12.78838795793796],[98.64794765076356,12.767060407012195],[98.64825947269654,12.765977166413197]]],[[[98.69441493470153,12.781573824472478],[98.64581070779795,12.756880245127252],[98.68336765998963,12.791132346180841],[98.69948209192503,12.785170024477107],[98.69441493470153,12.781573824472478]]],[[[98.51719138647337,12.783216675409278],[98.51744423266527,12.7986150671317],[98.51740197352233,12.786711042480622],[98.51719138647337,12.783216675409278]]],[[[98.60778183456412,12.819307536613586],[98.60712465857618,12.818791680091998],[98.60493502792924,12.819131524000657],[98.60391417959583,12.818648524210094],[98.60362996684951,12.818928678315874],[98.60416768678938,12.820737200561346],[98.60418711664212,12.821359686100639],[98.60423496417233,12.822892655171966],[98.6049494485583,12.82377421830557],[98.60661096762215,12.823879769036214],[98.60696736445242,12.82344572294177],[98.60719698115584,12.822161035103793],[98.60771073056587,12.821545560679123],[98.60813421951867,12.821038215341382],[98.60778183456412,12.819307536613586]]],[[[98.22314737395222,12.814891962494176],[98.21488377076942,12.823324211043538],[98.22419318117046,12.817245026936494],[98.22314737395222,12.814891962494176]]],[[[97.85780862776606,12.817483403036597],[97.88164378083589,12.774085438692126],[97.83667179606657,12.778132918499438],[97.83060057455695,12.79814545105172],[97.85341338102279,12.812929750607601],[97.83757123502455,12.821755743033133],[97.85511030999284,12.817708263225821],[97.85780862776606,12.817483403036597]]],[[[98.32485338677446,12.837583686937645],[98.32478539892712,12.83703933269907],[98.32382840965342,12.837996320174113],[98.32163602258437,12.843224316648957],[98.31994957611204,12.84693450302495],[98.32180466974977,12.846428569622844],[98.32365976248812,12.841031930479193],[98.32485338677446,12.837583686937645]]],[[[98.31616447261243,12.87260152024404],[98.30673569249825,12.910350184513483],[98.31619794807688,12.873609381467851],[98.31616447261243,12.87260152024404]]],[[[98.55820395215072,12.90387618004177],[98.55307060302593,12.91642203644788],[98.5582456456201,12.90525013818334],[98.55820395215072,12.90387618004177]]],[[[98.54605212650455,12.933662164177559],[98.5512126270611,12.921500736469834],[98.54542390688786,12.934555881648699],[98.54605212650455,12.933662164177559]]],[[[98.18224523602893,12.942428711416007],[98.19291704468597,12.90911123169803],[98.1760980065179,12.926093142484593],[98.18159543268312,12.94191186564014],[98.18224523602893,12.942428711416007]]],[[[98.32272495319405,13.01935565443991],[98.31441623552098,13.013627299460303],[98.31208749594123,13.031927577695587],[98.32221234592312,13.021410750106085],[98.32272495319405,13.01935565443991]]],[[[98.31309873142139,13.048135070577057],[98.31220743672387,13.047882851212641],[98.31126850583696,13.048086373187648],[98.31064578377594,13.048442087432463],[98.30908456699919,13.049333888448253],[98.30788368158674,13.051138328670916],[98.30672508409546,13.053614243202802],[98.30810669456842,13.053964471583143],[98.31015739165035,13.054089780419073],[98.31209909000108,13.05420842797663],[98.3153467631427,13.051953435502725],[98.31573731982151,13.05095337140106],[98.31541277607879,13.049857716560428],[98.31309873142139,13.048135070577057]]],[[[98.31155661714422,13.112858090228737],[98.30451885556076,13.124616837497157],[98.31233615848699,13.113299064700165],[98.31155661714422,13.112858090228737]]],[[[98.31321880350504,13.127367912199425],[98.30235162252941,13.127307241236238],[98.31268810547179,13.131271361983806],[98.31321880350504,13.127367912199425]]],[[[98.29833350198956,13.139070241398606],[98.29674616979996,13.123830627681329],[98.29641656287411,13.140046869167751],[98.29833350198956,13.139070241398606]]],[[[98.52041401709333,13.165867063414257],[98.53832284202561,13.155781302465183],[98.52665251700013,13.123466082993382],[98.52007726955041,13.165591410415253],[98.52041401709333,13.165867063414257]]],[[[98.53391108372958,13.16751613136445],[98.52358843685693,13.16802300096079],[98.53398041876135,13.168587453248367],[98.53391108372958,13.16751613136445]]],[[[98.56518153020349,13.187363604147059],[98.56349514848237,13.187320439386848],[98.56251693610781,13.188189872464736],[98.5623031654588,13.189273002447152],[98.56258273590463,13.190921793406027],[98.5630156866247,13.191641376048743],[98.56362759703602,13.191657710435031],[98.5656421125935,13.190794068991071],[98.56944340658801,13.190727583011594],[98.569618109788,13.190580569038065],[98.57038520901018,13.189935041069386],[98.57160152678912,13.188911488474439],[98.57131650375365,13.1884983084502],[98.56982146089177,13.188004144475748],[98.56850563043056,13.187569216146485],[98.56618462591976,13.187425650173687],[98.56518153020349,13.187363604147059]]],[[[98.5580227027856,13.193676170418986],[98.57315727478844,13.184907514270424],[98.56843299308821,13.150830429380886],[98.5325378621327,13.17753096098507],[98.53758723796074,13.19516276504967],[98.55384879358698,13.194348758988092],[98.5580227027856,13.193676170418986]]],[[[98.25692584884885,13.217509217276632],[98.29409950458853,13.080266094504708],[98.30629871821135,13.095971107380752],[98.3331893835832,13.080256458268988],[98.29167761143272,13.045342578497262],[98.30574026979771,12.91242744846802],[98.23685912944538,13.147187312644423],[98.24715254655285,13.172653977099444],[98.23188904864078,13.191769765961933],[98.23685342054901,13.214036263962456],[98.25445730156325,13.21829359157601],[98.25692584884885,13.217509217276632]]],[[[98.50244648351841,13.243906175529649],[98.53644072645838,13.206419049399617],[98.52297622877003,13.178901253490135],[98.49760808774309,13.171587043906982],[98.50011019053294,13.243393549372836],[98.50244648351841,13.243906175529649]]],[[[98.13215955951614,13.531516710627741],[98.13063886169417,13.52939459838208],[98.12979514742815,13.529637817331416],[98.12836096978297,13.53137220756134],[98.12809105445866,13.532452067608855],[98.12783897448914,13.533460575445208],[98.12831168873352,13.53397701292883],[98.13092377950883,13.534626826167159],[98.13234736044241,13.534099278458974],[98.132657835191,13.533448382437005],[98.13263739450016,13.533369141372805],[98.13215955951614,13.531516710627741]]],[[[98.20014346784681,13.597659189619979],[98.20451925056307,13.61463918215263],[98.20160102246932,13.598131840012492],[98.20014346784681,13.597659189619979]]],[[[98.19241141795268,13.634153524465628],[98.18871006471775,13.611978550469747],[98.17952936708666,13.633689690127134],[98.19296375547303,13.649710601563111],[98.19128031273635,13.635827514428275],[98.19241141795268,13.634153524465628]]],[[[98.19450866574243,13.669171498965568],[98.19127123497958,13.656340784999252],[98.19401116618239,13.669440833327847],[98.19450866574243,13.669171498965568]]],[[[98.22319883495834,13.765147353667459],[98.23104987415239,13.811140486244508],[98.22367459700517,13.765813968040227],[98.22319883495834,13.765147353667459]]],[[[98.0627678065891,13.811624732495428],[98.06365692582654,13.811239621211588],[98.06495041263149,13.81161930598623],[98.0676277690064,13.811502697191788],[98.06770445419723,13.810508886076253],[98.0668511945271,13.807900668680947],[98.06568638901568,13.8068155152239],[98.06439113684154,13.80560883817735],[98.06342424693145,13.804325147687443],[98.06230133813635,13.803529770182784],[98.06067194015793,13.802375641422756],[98.06015263383706,13.802522850549156],[98.05943731308163,13.803358746109303],[98.05838746880674,13.803781204439044],[98.05802002110718,13.804543725212767],[98.05828462503545,13.8054358284008],[98.0604571595703,13.808199891112135],[98.0605553349608,13.80882421756365],[98.05983487368056,13.810198529138859],[98.05998051169136,13.810765248617404],[98.06216610887887,13.812590699701119],[98.0627678065891,13.811624732495428]]],[[[98.2296998226887,13.815950586650313],[98.22879833057858,13.814845091427838],[98.22845114820197,13.815054875382224],[98.22837493875245,13.815100924268261],[98.22808896783165,13.815902967547963],[98.22831000860009,13.817886144430055],[98.22807632516233,13.819132912354068],[98.22868384418409,13.821295240483064],[98.22941000986413,13.822360889443516],[98.23087850653789,13.82350289444306],[98.23084378551238,13.823097552909832],[98.23037024299242,13.817569107328506],[98.2296998226887,13.815950586650313]]],[[[98.22883769750173,13.827866347453973],[98.23085608554004,13.838934399203215],[98.22973907090147,13.82887816749346],[98.22883769750173,13.827866347453973]]],[[[98.19623744420272,13.833420876972],[98.20571481468704,13.857146522294247],[98.196311340596,13.833693988486825],[98.19623744420272,13.833420876972]]],[[[98.19995327382459,13.754159263339346],[98.18527023613258,13.784697060021397],[98.21964642384347,13.867859383203992],[98.20178636914572,13.755711881698026],[98.19995327382459,13.754159263339346]]],[[[98.20686242156359,13.858867192466992],[98.20540335967735,13.858336882041463],[98.20493432995544,13.858425401411164],[98.20485817356598,13.858882067253639],[98.20553270107342,13.86076774143817],[98.20784690850809,13.867237223219306],[98.20919968311891,13.868531090437472],[98.2093505866603,13.868675422632734],[98.21076743616824,13.86934746801128],[98.21096749575341,13.868669055432633],[98.21066222807943,13.867108161512473],[98.20847064950098,13.861445917495171],[98.20686242156359,13.858867192466992]]],[[[97.9147058396029,13.874396802470542],[97.92813901660246,13.860328897460747],[97.92689028276044,13.820337881587971],[97.91032352870793,13.786999335251146],[97.90091088782725,13.825393665984972],[97.9139213708746,13.874340062443999],[97.9147058396029,13.874396802470542]]],[[[98.23018564545126,13.868743848449835],[98.22569913550682,13.885429983007377],[98.23045468753382,13.87137633315135],[98.23018564545126,13.868743848449835]]],[[[97.91187011171634,13.886373444678831],[97.91371344941625,13.884406646249733],[97.91389314655156,13.883703724447457],[97.91368579076675,13.881720904596126],[97.91340324986017,13.88096552623804],[97.91291686951794,13.880622420488361],[97.91243588151073,13.880838009566595],[97.91256558803155,13.881761683454904],[97.9117144570566,13.882815557592018],[97.91199488365703,13.883582752142306],[97.91127982460426,13.884093034665831],[97.91152503465271,13.885138361646096],[97.90992652209137,13.885853228243924],[97.9086281330819,13.885451649474042],[97.90792102583475,13.887583143447365],[97.90744366299474,13.889022096492617],[97.90589531911381,13.890144157227077],[97.90603366901867,13.89352540397429],[97.9056094839905,13.894441935446963],[97.90617021758153,13.895315602533106],[97.90688186280784,13.895002743681747],[97.90861754176626,13.892178469560776],[97.91002094551023,13.889894866954563],[97.91139415451674,13.888965973401021],[97.91188713408404,13.887999034927642],[97.91168955752714,13.887015355574292],[97.91187011171634,13.886373444678831]]],[[[98.2231806245862,13.916830108123065],[98.22684723701038,13.894400614296906],[98.22255979290023,13.916120914448701],[98.2231806245862,13.916830108123065]]],[[[98.23646048516335,13.890462072966322],[98.22824028775916,13.93587698013857],[98.23669682160106,13.890699786266211],[98.23646048516335,13.890462072966322]]],[[[97.91662472485119,13.931374726662312],[97.91732215719188,13.890398853324534],[97.90988992957666,13.945220986559267],[97.91544992517402,13.932324925155267],[97.91662472485119,13.931374726662312]]],[[[98.21605214569006,13.92916937856404],[98.20985117359282,13.97063306936069],[98.21642786355514,13.929440686938207],[98.21605214569006,13.92916937856404]]],[[[97.80617450484964,14.136657080459955],[97.82170337201309,14.125459618067001],[97.80196881450921,14.108422764099323],[97.80585820159476,14.137968983581825],[97.80617450484964,14.136657080459955]]],[[[97.81906888991742,14.149799868169474],[97.81809617060183,14.14835861825566],[97.81697748682164,14.148498312647092],[97.81726571773874,14.149395169651399],[97.81850441964333,14.150280391227085],[97.81867163508794,14.1513383554808],[97.82083778713421,14.155137866119713],[97.82143953250845,14.156193349143805],[97.8218099605613,14.156419327190214],[97.82269506252715,14.156264147372507],[97.82325780610289,14.155054635662964],[97.8229202770492,14.153088918219034],[97.82228962656511,14.152295418498792],[97.8212826655627,14.151515186476779],[97.81906888991742,14.149799868169474]]],[[[97.82215295749305,14.190913135432911],[97.78613265889516,14.139383533523272],[97.78462309468011,14.176625020628272],[97.82146108386203,14.19112875508802],[97.82215295749305,14.190913135432911]]],[[[97.78635761261384,14.198116442419892],[97.78515857980462,14.197393489118312],[97.78483715581008,14.19778766197107],[97.78543240807916,14.204237066387545],[97.7861875355264,14.204965213273976],[97.78787645153709,14.20513510060449],[97.78821284654573,14.205380570556944],[97.78972444412787,14.20648360163693],[97.79067695657633,14.20682591958061],[97.79101325895482,14.205732806224066],[97.79081648189519,14.201765867001178],[97.7903029905906,14.20128654903506],[97.7887488568743,14.20066935960332],[97.78752929254291,14.199367339131438],[97.78635761261384,14.198116442419892]]],[[[97.8083455788854,14.266392432564764],[97.80512885950928,14.286207965025607],[97.81156149786486,14.267813444135221],[97.8083455788854,14.266392432564764]]],[[[97.81964872600803,14.284532276243652],[97.81915803071864,14.283643958302047],[97.81851760550312,14.283855714469759],[97.81667915651789,14.285809018571424],[97.81658805249667,14.28585677527002],[97.81515770776211,14.286606609307636],[97.81536560763676,14.289565159404635],[97.81594482859099,14.290236318951063],[97.8168385505587,14.290344563151066],[97.81827684799825,14.28928305556861],[97.81835057891615,14.289186922538452],[97.81922063612359,14.288052513212953],[97.81964872600803,14.284532276243652]]],[[[97.81755818266407,14.293598791451142],[97.81717326293581,14.29310907102684],[97.81613672413053,14.293468869992395],[97.81584555153107,14.293569940300518],[97.8139179005907,14.29517627516502],[97.81390151044643,14.29584618015712],[97.81488309258076,14.297316448495309],[97.81532361379378,14.297209792497942],[97.81575152920976,14.296636377566848],[97.81601512589745,14.296283152645358],[97.8166338270895,14.294613085525473],[97.81755818266407,14.293598791451142]]],[[[97.78678063301992,14.307962066196453],[97.78635928984943,14.307601157467506],[97.78538206043382,14.307619643931421],[97.78510059601574,14.308258659009962],[97.78555691561927,14.309103662004471],[97.78572938310462,14.310302966408791],[97.78591284660067,14.310404614981017],[97.7867991167859,14.310895659207365],[97.78739397784986,14.310397589477283],[97.78764530778477,14.309211369309324],[97.78712000388519,14.308252762155313],[97.78678063301992,14.307962066196453]]],[[[97.79018532419344,14.316436930919693],[97.78838580056431,14.315355343274557],[97.78792888920694,14.3154326903664],[97.78782967779745,14.315846834463905],[97.78859541005016,14.31787637499474],[97.78858897270298,14.318138959045775],[97.78846173841853,14.323329037405216],[97.78819808417433,14.32440234858959],[97.7887842928609,14.324733081466587],[97.78937591996286,14.324503581674971],[97.7899055496015,14.323497051447806],[97.79006261799553,14.321401590610957],[97.79069824712646,14.319614679074263],[97.79021165274567,14.316452755390404],[97.79018532419344,14.316436930919693]]],[[[97.7899648688837,14.328308111430296],[97.78941535163725,14.327623038472467],[97.78813905807112,14.328130063651553],[97.78779906307638,14.329118012985983],[97.7884204757244,14.331246492431745],[97.78840702456465,14.332665515601114],[97.78967292916242,14.333900255092743],[97.79045600574013,14.332822668531339],[97.7905002155126,14.332600308457518],[97.79099919715527,14.330090616288945],[97.79084849056548,14.329409707192283],[97.7899648688837,14.328308111430296]]],[[[97.78443225314598,14.411563639450428],[97.77999757742636,14.391726003452362],[97.76789574958927,14.393846298168164],[97.77451006358862,14.418199240402693],[97.78538707955015,14.412244712223718],[97.78443225314598,14.411563639450428]]],[[[97.78217192769242,14.422340238011596],[97.78187240578691,14.421876302049682],[97.7811758385942,14.422011123014919],[97.78052643364802,14.423130019035199],[97.78030985261766,14.42462739743647],[97.78069507092087,14.426936016484046],[97.78085069500365,14.427868676398322],[97.77987561856503,14.429883570570365],[97.77979377756084,14.431102687938754],[97.77948458704418,14.431642322535229],[97.78080915262034,14.432471944424726],[97.78200538583992,14.432035846077515],[97.78229904866225,14.429967985434264],[97.78361744758722,14.429107978150743],[97.78389112657433,14.428564164404708],[97.7836383226505,14.427602236953682],[97.78315506205655,14.425763411152545],[97.7821021807711,14.424143992051683],[97.78217192769242,14.422340238011596]]],[[[97.7729409885359,14.441783806377625],[97.76344975410292,14.434989348279789],[97.77242867354448,14.44219703766326],[97.7729409885359,14.441783806377625]]],[[[97.77474576150776,14.460131557125674],[97.77490964496425,14.460067680978725],[97.77669832456806,14.460382106449096],[97.77707580690306,14.460186294362018],[97.77709794911112,14.4574752925508],[97.77555160352372,14.457706498356323],[97.7747051804997,14.457470952422543],[97.77322312474745,14.45553365805193],[97.77062837110252,14.454349273400332],[97.77018026051068,14.454144732493454],[97.76901154204911,14.455624003045283],[97.77079738249327,14.456736286350566],[97.77132553454585,14.45917183930899],[97.77206589062843,14.460532253660649],[97.7731862327585,14.460739407097986],[97.77474576150776,14.460131557125674]]],[[[98.02614195218936,15.094513532573458],[98.04307754429325,15.07630981634501],[98.04010678679884,15.051211260591199],[98.0985624598896,14.990826191875314],[98.17051022186932,14.984097075819388],[98.18350207905769,14.969756857892754],[98.20818751324326,14.981942203070261],[98.23365699977082,14.967196774011956],[98.22935219514773,14.948066059101425],[98.25147434026864,14.916668976392241],[98.23106866098999,14.889159110704394],[98.25739047998677,14.863282751098147],[98.25510830820188,14.81291813456432],[98.32737006577602,14.706562608777393],[98.35855072393687,14.693172294365894],[98.36706254180288,14.666316596433834],[98.43575441533406,14.613526675615581],[98.45913052115665,14.578977535684764],[98.46341736362051,14.529174953161647],[98.49243684208669,14.538706822561828],[98.56612155106873,14.38426442286492],[98.58056931891899,14.368385663667457],[98.59381877701499,14.377909584859502],[98.60492130157684,14.318723637985528],[98.62944118766077,14.316561320648521],[98.68855186937336,14.271780483182791],[98.71447392083479,14.276534488376033],[98.74498265322694,14.2271476804212],[98.83179025241832,14.178935008443968],[98.90028349178979,14.106818357381353],[98.95487948599951,14.10268344998132],[98.97188219720569,14.033291116092158],[98.9960814569937,14.023144594247746],[99.02107560055858,13.945386152449032],[99.05116413641582,13.9368308595566],[99.07903395485314,13.895431260744115],[99.10932934197565,13.89235561621874],[99.10046579026414,13.837211083225029],[99.12178347202965,13.810842922163221],[99.11942117334854,13.771478608750861],[99.16816950671746,13.728434447591717],[99.1725585373467,13.628374926161943],[99.16134665792201,13.616997113725823],[99.17895232858716,13.583485704201944],[99.1658603525732,13.573423322028763],[99.19290754494726,13.546323650615996],[99.18511951405445,13.50800749165247],[99.20766950084688,13.46848387593019],[99.19725748744315,13.449247791052773],[99.20699592122484,13.341075296587665],[99.18777657542866,13.291106615577938],[99.21113470740084,13.261172740629576],[99.19619027456153,13.258975697770289],[99.21021665067794,13.209374398809523],[99.20022063307574,13.191020366296943],[99.15853998443284,13.207605634692396],[99.12372037609452,13.192922406344096],[99.13148460463088,13.095773559602172],[99.09983628911355,13.07237563982396],[99.19560412612961,12.989658925319233],[99.19417391629327,12.953849822611282],[99.16226290520893,12.927446147321916],[99.1819959149796,12.913733041047045],[99.18641382373903,12.849150535968498],[99.23113493003311,12.81251126728121],[99.23945049244634,12.724939513248032],[99.29079017822419,12.715364112164082],[99.29526628571062,12.67842357958465],[99.33281729518211,12.667590740120612],[99.38015820124008,12.615891311135194],[99.41426972926472,12.618025484188852],[99.43562140630296,12.587167119666884],[99.41898955482417,12.525677650203434],[99.42677011055221,12.492910396397757],[99.39903448355463,12.458137149909629],[99.42583475357111,12.447597044268196],[99.44692604719941,12.404131455402453],[99.43565759592137,12.34019398456477],[99.48614466414497,12.272473507446499],[99.47268621439734,12.234255382679823],[99.49977979919845,12.19164086813159],[99.47411830021944,12.130632517077075],[99.53809330336337,12.15829511013132],[99.56366790265164,12.150912241806541],[99.55680347100348,12.093586208936443],[99.5332045095805,12.052436154904708],[99.53708081962421,12.016234620431451],[99.59365696090006,11.988651993294916],[99.58460856703185,11.882648586263297],[99.57136337891693,11.865757014174857],[99.60029941198835,11.875174077921432],[99.62711217628598,11.848619119576739],[99.62788396187537,11.819989579055864],[99.66531837694163,11.822461002373416],[99.64043416920164,11.789645698690062],[99.63928735822506,11.732659373931028],[99.59337828527971,11.700810835151984],[99.5652361089593,11.625767782057558],[99.5328752632829,11.619096106600043],[99.49734406367762,11.634716888073967],[99.4682642631852,11.613427459409728],[99.45831526573701,11.581259380715888],[99.47434090940556,11.531892749950487],[99.43097703656102,11.478034912081533],[99.39768089955393,11.463791854210722],[99.40258336572978,11.388822935829864],[99.31230969123928,11.31635089877497],[99.32484689257016,11.281779213739792],[99.26942828218952,11.224600101313683],[99.25374233494087,11.166433444248177],[99.22540683765554,11.141340583001632],[99.2294633889243,11.11436380844307],[99.17751828763886,11.080283387068754],[99.17133224608635,11.043750053122444],[99.10245163003871,11.010487323231452],[99.06920274970717,10.93829762833288],[99.05012645097496,10.962311955132694],[99.02092516556398,10.967442567620441],[98.99945099276917,10.924028633114954],[99.0079674088689,10.851296141603747],[98.96412002541894,10.817037027636797],[98.92503485167715,10.824648036877512],[98.8618210239211,10.777056458289],[98.78330511104213,10.681259086637581],[98.77241157273596,10.620898659345709],[98.78363757241611,10.601131102118696],[98.80228700703982,10.603586784602545],[98.80346202075575,10.585992592883894],[98.81179925772962,10.592875159361167],[98.79960452362994,10.55921845356885],[98.82210666379153,10.529783188843108],[98.80130941699606,10.484064101277276],[98.80883284216203,10.467167324812262],[98.75292117936898,10.389920400306249],[98.69540702721261,10.217493214440395],[98.64841306251287,10.177529856317843],[98.55169988244381,9.974338787804967],[98.51366769700668,10.053185704256936],[98.52407835962869,10.070849377596755],[98.50827191851431,10.08980702247618],[98.5133372195371,10.166806761123123],[98.48824193102035,10.176672523618077],[98.4796477181677,10.20088829585822],[98.51689064059069,10.24683806942138],[98.50648647736907,10.303812336969806],[98.51924299456861,10.305417918202394],[98.54076853214217,10.366143451359186],[98.50406925888929,10.407486287662135],[98.5163819570618,10.425619817200879],[98.49076275769514,10.44763958080209],[98.48338757407735,10.508700209447127],[98.49476718695612,10.53429874419177],[98.47631282157948,10.547380167560746],[98.49371681657789,10.562202486855274],[98.46981241211321,10.58675252091222],[98.47765850503606,10.617509326794025],[98.45210790865313,10.625060501441016],[98.46322805812842,10.65673828414447],[98.44860861059897,10.6887957057573],[98.4663566034745,10.702726800501491],[98.45365274967473,10.709705764409513],[98.46843148152769,10.72301028259853],[98.46191265304658,10.746706644196355],[98.47439065380573,10.73380515448433],[98.48839717468992,10.746144966317214],[98.52365256571346,10.721148855934967],[98.551794536089,10.666310788512131],[98.53351110575306,10.730828899434183],[98.51409316356866,10.74644717539693],[98.53373167347804,10.761100275557375],[98.56068894354,10.734772279117418],[98.5620365929145,10.711716988448291],[98.57018249192849,10.772961242467435],[98.58974648850975,10.763826216906377],[98.58319392016334,10.79078182322267],[98.60384764055621,10.80234600396491],[98.59346520855257,10.84758538056095],[98.6263303715494,10.847139731413499],[98.6394939057192,10.828378725098172],[98.6268288540684,10.866326841910276],[98.58739127648629,10.853233120312375],[98.57334143256112,10.87590855713428],[98.62827504485747,10.899745230957677],[98.66204564978703,10.875484125691933],[98.62585154191524,10.904594421295574],[98.62573414351597,10.91942445947128],[98.64180706904108,10.922136445140914],[98.69876925149977,10.89068728449066],[98.69379307868765,10.853949250457603],[98.70500047319342,10.885765245469766],[98.72779822320948,10.886957202412958],[98.66426263151527,10.917167570327088],[98.69334674515628,10.928958547498965],[98.73007671586785,10.914910883530546],[98.70704415916063,10.945373286448032],[98.73308429790211,10.955975947132298],[98.71248694071977,10.990107178403616],[98.76284350652267,10.988597960427601],[98.76925610168777,10.974670145510842],[98.78106298696737,10.993165694441295],[98.67916061347162,10.998296991313147],[98.69830725897287,11.018172545426705],[98.6877367931186,11.015899863288134],[98.69159200866434,11.035158333190584],[98.7427831920907,11.0302575523442],[98.69988905853327,11.045877454281147],[98.72892283172335,11.056967003424475],[98.69752405379207,11.070192124966635],[98.7150077431129,11.111263924490608],[98.6831303765657,11.082134364509407],[98.67234828404608,11.116190180432536],[98.6494588625366,11.13129464133474],[98.6666453861757,11.126105855301013],[98.67746225547872,11.146246050215133],[98.69670749455531,11.132830314667327],[98.73706167105934,11.175794547680237],[98.73377631722335,11.21634921544404],[98.75936850185492,11.27363446855599],[98.7227962245662,11.317893623691852],[98.71861088768237,11.386745240200721],[98.69885787069424,11.375851536419276],[98.68864785041798,11.394537940373691],[98.71312464818403,11.450396585434127],[98.77010385660772,11.449030944222724],[98.77270576256099,11.422778150891041],[98.80485704012031,11.411128311522386],[98.74815186052007,11.476576097508925],[98.76157994016215,11.481219835926723],[98.74858482113258,11.534139840980892],[98.71153844194559,11.519936887477375],[98.71127801087164,11.572614085471752],[98.73145537116852,11.574333774484188],[98.73929588559672,11.59405261543592],[98.7228558837921,11.613080776156956],[98.73796906542006,11.640776055970278],[98.72584664490678,11.658312518408017],[98.78715260770677,11.684910660398703],[98.82263491297086,11.631038698677084],[98.81324093212343,11.679936990399828],[98.8754728575864,11.708346638586494],[98.82954562553032,11.732519768572466],[98.78905784484371,11.730722064271934],[98.78205753552687,11.757251154517231],[98.81042131559136,11.789084979488326],[98.81462754282694,11.846096858483332],[98.79939069542431,11.806109305000486],[98.77236937744487,11.799583088588669],[98.77207170094827,11.77955323059717],[98.713026038421,11.72604836494012],[98.7001508628721,11.723519662902135],[98.69415400000715,11.74713161862931],[98.71145510986551,11.7039907272903],[98.69005775356253,11.671613370960351],[98.64978456280735,11.68963763197118],[98.6041964722894,11.719553083408115],[98.61139199114749,11.73439383790534],[98.5903303067983,11.76005858073895],[98.62088938323848,11.7909634905727],[98.66789150838645,11.770882446767569],[98.62810641387995,11.795844293879107],[98.60094724421995,11.794148433303583],[98.63203947294345,11.83758544081551],[98.65229007762503,11.830502880403667],[98.63749934791664,11.84597889441051],[98.59682630059335,11.846691194343148],[98.65523547064046,11.854389529553163],[98.67774451579686,11.88293966803132],[98.70814456871692,11.864546844161591],[98.72681968438103,11.872078328152366],[98.6814528108986,11.889724256968911],[98.6457181369825,11.864852561496505],[98.54804264814975,11.870908280492806],[98.53956021653086,11.884897189054108],[98.55312162876022,11.90663399626198],[98.66799403289835,11.921348065061185],[98.6727428238223,11.942698567584905],[98.71150517242583,11.925565760451548],[98.68782094088381,11.942591895399687],[98.69154647059325,11.961573842658776],[98.73896571659462,11.957983362342336],[98.71391318454593,11.965544213694542],[98.70076863056795,11.996473243345548],[98.73751539791729,11.998748920226529],[98.68391123271725,12.028549314199552],[98.71123416352589,12.060010332410961],[98.73670594152604,12.070147137080752],[98.7776035036988,12.018243919920998],[98.73684181469805,12.074495052504716],[98.66962307654384,12.044870154933726],[98.61814750860074,12.100778185364977],[98.66554089999265,12.116162901996383],[98.63180465186326,12.10757706093267],[98.61709377206006,12.125343640996253],[98.64805718998747,12.155893795262504],[98.69086142821247,12.154355734229835],[98.70375810655142,12.105957497940242],[98.7303128895283,12.107242407011562],[98.70832667153871,12.110383296452007],[98.69647695604677,12.1573538553961],[98.64032951889226,12.169800741411127],[98.70424608948548,12.204286457554034],[98.73695072079916,12.184788335413351],[98.69168845915513,12.240043601031378],[98.65170078156588,12.243368100557447],[98.59573602369854,12.195806623177216],[98.55449616696464,12.200833574409916],[98.52554602982545,12.259157191051603],[98.56634153153652,12.302658469512803],[98.67784490441889,12.320813989274257],[98.55711593884958,12.330279080415249],[98.53766754741947,12.345292788031767],[98.55105115019047,12.399153673703175],[98.58126708580744,12.396481526201505],[98.55697829940902,12.40406362223839],[98.56270827136967,12.427947489784849],[98.69566328093573,12.344872851401053],[98.70745342533536,12.35102775932367],[98.62311550297814,12.393239274173226],[98.6314405280581,12.422720282914831],[98.61037280206315,12.411380780698508],[98.5934059027603,12.433300134993338],[98.59941611696031,12.478972647569616],[98.64209296531821,12.502707046892766],[98.67905650885088,12.510329622314295],[98.71810308998569,12.492470972357491],[98.67440798064389,12.528947601350712],[98.62457842655321,12.541071806119039],[98.61549631800071,12.560045039846809],[98.65217207128414,12.637084858579403],[98.67740868376383,12.616670258026005],[98.66017580456979,12.63797509837213],[98.69735720617012,12.650102265507254],[98.65791951707216,12.640300898967357],[98.64708809314105,12.661190921623774],[98.66979156003251,12.694855240177269],[98.70367484371914,12.669889396478581],[98.69053367478931,12.671138640236087],[98.67907897571428,12.704511069430321],[98.69436700083648,12.708710996015679],[98.6936822444401,12.726657573588248],[98.6741056096862,12.746576707049403],[98.71325263699967,12.798556052719764],[98.64580007871083,12.769797873173324],[98.63771426340267,12.86665623439783],[98.59007536968261,12.929997117473032],[98.59705346844287,12.955696539963387],[98.61363589857793,12.953863882612179],[98.63499287082436,12.978198704406715],[98.61077005959065,12.955815501384368],[98.5906177274263,12.969280391177204],[98.59887698688355,13.000170226574767],[98.5821079681083,13.02481662568676],[98.59730221012896,13.05354262389303],[98.59340902880372,13.068163665021157],[98.5758826171891,13.067667800428747],[98.58945231936914,13.081394694209777],[98.56852949214246,13.128794300816335],[98.58313832317516,13.158138382380521],[98.5635423107291,13.194248649155845],[98.57624247101334,13.248061645928274],[98.55800947915417,13.198790997106865],[98.4901414889386,13.25026648770827],[98.49106085777247,13.29552848315306],[98.47538977002198,13.279647536804426],[98.45488985528264,13.363397408663488],[98.46741050998713,13.388938908403944],[98.45029510203739,13.376557518214923],[98.41414876255537,13.442992098806336],[98.42093986258463,13.479018438150433],[98.36571541493451,13.561112835289165],[98.367793295824,13.598194858206178],[98.2828795375607,13.671295320822438],[98.27974367533047,13.689145618775353],[98.29425578517646,13.69422726227841],[98.31077166188281,13.669181210744327],[98.30169700511279,13.69949056433811],[98.23490508969822,13.714644898043712],[98.24279233829583,13.907848703854672],[98.18990575114957,14.041371809761202],[98.18451407176705,14.01015357972398],[98.20918934181474,13.974748715980553],[98.21536949010991,13.8863568926565],[98.17318647027949,13.796668602174286],[98.1848656770094,13.651546997396022],[98.15133577562565,13.603319945259326],[98.17544651694327,13.55076026167675],[98.1683463199268,13.536041162969411],[98.1530050387516,13.558683609960628],[98.13384741972267,13.556889177393646],[98.13414199895416,13.544552155257769],[98.1223466240975,13.553094344128777],[98.1320233140248,13.564944994016312],[98.11686448910496,13.592885149330222],[98.14090696558407,13.604329711247217],[98.12759330488714,13.634538585387443],[98.14620012603508,13.635209679283275],[98.15094036890301,13.654511361610119],[98.12316489204619,13.691415282789151],[98.10588443691731,13.678370492404287],[98.08829584977369,13.714870177316904],[98.10492017212832,13.724177142461155],[98.08164369859792,13.722543804552942],[98.08928045812675,13.73539362731416],[98.06667587798945,13.759512204424759],[98.07834500062137,13.805143108967396],[98.09859235605248,13.799975409337758],[98.08641454089842,13.8646127343902],[98.09844201278868,13.889746861028826],[98.07268767409697,13.913533963321786],[98.05556452927962,14.031933637127722],[98.07544647127771,14.049470193095],[98.07107314371069,14.08618361987822],[98.10018542771533,14.10689437797322],[98.08176555763438,14.16455438577636],[98.0954489566041,14.199757975849966],[98.08015139956753,14.219093705610128],[98.0922110806769,14.197378951577363],[98.0758203985926,14.181315348424647],[97.99704663659308,14.294885893968864],[97.96867038473053,14.364428063004805],[97.96716944051734,14.426620676403154],[97.98216233062712,14.459928453335532],[97.96412766086287,14.435328053646831],[97.95318555646831,14.496762680653305],[97.90308618957611,14.578844504370444],[97.89503553955855,14.635595537703935],[97.87185303259147,14.671858931144829],[97.8978766975516,14.715376488234341],[97.93505422217471,14.725065296526271],[98.00081507925252,14.653955352857281],[97.94879135923388,14.73687064936103],[97.93838170205399,14.810555560690627],[97.93648385374685,14.786614484570823],[97.9269087341508,14.805086766241335],[97.92968815188677,14.73944636435823],[97.89706245137107,14.768637778810486],[97.91377734624754,14.819536186146095],[97.90277167237485,14.841246007397388],[97.90695071490369,14.814698965784675],[97.88547174062832,14.773359920124282],[97.89971194584965,14.737501162248886],[97.8652469653752,14.707834994789234],[97.83545433704809,14.713032727278538],[97.78852743479337,14.873778197306006],[97.80617611373671,14.89086481256113],[97.83586702784109,14.881223236663107],[97.83565173643852,14.929678198590043],[97.86755803507535,14.936725254666857],[97.88262328643563,15.080114713922995],[97.92165767815935,15.076341590292216],[97.93885642178648,15.056204211155485],[97.96093401269455,15.083501388078687],[98.02530914130386,15.096476588923554],[98.02614195218936,15.094513532573458]]]]},"properties":{"ST":"Tanintharyi","ST_PCODE":"MMR006","ST_RG":"Region","ST_MMR":"တနင်္သာရီတိုင်းဒေသကြီး","PCode_V":9.4,"label_position":[98.31442978447338,11.94073577298964]}},{"type":"Feature","geometry":{"type":"MultiPolygon","coordinates":[[[[93.37067473455146,14.15229668564358],[93.36528355699063,14.045828022445392],[93.3519510402084,14.149705474428206],[93.36986164040248,14.152489740409266],[93.37067473455146,14.15229668564358]]],[[[93.6431689107167,14.901296997758248],[93.61140856935005,14.836295479652758],[93.61268478917178,14.875193163633668],[93.64202676902019,14.902724674204379],[93.6431689107167,14.901296997758248]]],[[[96.1386331866723,16.312114615197423],[96.13044899092824,16.32146717866741],[96.1687817648666,16.331627505105292],[96.13972124763752,16.313195915958797],[96.1386331866723,16.312114615197423]]],[[[96.27827417811095,16.53628499825411],[96.2635508301068,16.555319282459],[96.27750085288213,16.538426513372947],[96.27827417811095,16.53628499825411]]],[[[96.25388767857362,16.80458631830398],[96.25204407197637,16.804531572973755],[96.25160215141827,16.804916758002072],[96.25308464244235,16.806153695436773],[96.2552395169902,16.806688835221614],[96.25866836305462,16.806965382146707],[96.25914731409736,16.807004012525248],[96.26062692369362,16.806508093074054],[96.26028103364288,16.805887890014123],[96.25891163056733,16.805348962284835],[96.25757817968926,16.80514654197934],[96.25388767857362,16.80458631830398]]],[[[96.30763249594304,16.863607464413008],[96.30647159258994,16.862689635218583],[96.30562392670295,16.863128084393594],[96.30554958154804,16.86316239712696],[96.30557380748529,16.86320339811836],[96.30533926879228,16.863571902521354],[96.30438830767434,16.867797220565336],[96.30504548006489,16.8689659390269],[96.30604765667407,16.869480859354166],[96.3066908095333,16.86934404099477],[96.30745893488196,16.868550798480605],[96.30794700954691,16.866891405414094],[96.30822309691845,16.86595275331698],[96.30763249594304,16.863607464413008]]],[[[96.06180218782073,17.788863891655357],[96.08399594775484,17.791474921230662],[96.09848716814835,17.741473684762784],[96.08064053043617,17.70555297528967],[96.20466907891497,17.520406427714605],[96.20368009985685,17.486669352208914],[96.26037106387354,17.46992650460458],[96.27812607325973,17.447297570826223],[96.31885814938416,17.248685178378306],[96.29694166662469,17.211202697246705],[96.36585670062632,17.14946601584398],[96.40351960824333,17.076271334854262],[96.37602341944532,16.99929860734491],[96.47471952818373,16.964372559745907],[96.51689970885457,16.994096689410817],[96.59683447672978,16.980717049951885],[96.65892972772484,16.99649816166094],[96.69083502271819,16.971111154656157],[96.70627306914689,16.97625717073191],[96.72857246704577,16.930972236279715],[96.7563609489986,16.939891995619213],[96.7803756867885,16.917935662101232],[96.79522109078083,16.84401878503897],[96.8031100660767,16.854272938645284],[96.82662590855887,16.829241286156535],[96.761916878761,16.768394654789528],[96.75407761798776,16.670170696420502],[96.6750811128032,16.56366711344653],[96.55730047113987,16.499545220435582],[96.43867227060883,16.47527832533447],[96.3955943533968,16.479109647692155],[96.35145314884376,16.5254320562444],[96.28932144562826,16.559085748408616],[96.28203379212582,16.594608381971273],[96.3306884700969,16.629809294763195],[96.4678657642937,16.6129506594454],[96.33119582532717,16.63346759205576],[96.28265341692165,16.60173969373203],[96.27588346804761,16.58160278044408],[96.26006175734435,16.608485541674497],[96.2617663647259,16.65344042313704],[96.22547155616748,16.709456282281717],[96.21708607867697,16.774508450194933],[96.30764037040687,16.827609629980497],[96.31580350043126,16.875799971791302],[96.34251677542889,16.907377788554165],[96.30336178641852,16.878138213607382],[96.3010935730112,16.832281427245807],[96.19956457914374,16.77059622663418],[96.1780321311797,16.78120091798759],[96.18691995919043,16.805793355978235],[96.17686307727092,16.78037410108358],[96.19631415317723,16.765742876032594],[96.12334906011218,16.776594387221063],[96.10999760270825,16.830709695595733],[96.1138533956197,16.78260128563521],[96.1296492031502,16.76916445557469],[96.11963661643873,16.756987401247056],[96.13980687658804,16.768117204944563],[96.1905945279152,16.74771232966029],[96.20833442419435,16.679084424007037],[96.24315417462557,16.650654174150844],[96.2332756714351,16.597299786655903],[96.25858369278329,16.519983692593406],[96.32896616225868,16.449128526860054],[96.31723398635945,16.406681243944274],[96.2741472396035,16.367987947086146],[96.11518555956596,16.318510389442928],[95.99042271643523,16.411833637112746],[95.89509413618552,16.41309413588575],[95.86683847441616,16.437338474191318],[95.86360533341946,16.46673066498828],[95.82757994735681,16.47182994689452],[95.8276345110239,16.500290030860295],[95.88274167089142,16.543191823044253],[95.87430168997105,16.56936578360407],[95.84359010110231,16.563806524551502],[95.82268320536572,16.615375156138587],[95.83635684309394,16.643686383419872],[95.82140543421346,16.659411840584045],[95.83837099172794,16.709190164794382],[95.8652113112531,16.71630475366149],[95.88025979475384,16.746574943578793],[95.87356997637333,16.806011419091757],[95.83725149675922,16.870096321188285],[95.84867292091855,16.889467191957394],[95.83806247030682,16.92514167155091],[95.85296509186557,16.953672533061045],[95.88682633137016,16.954299965770833],[95.86075345011172,16.969771784440354],[95.86613930098802,17.001425754894747],[95.82147900864942,17.02322508117254],[95.8360799607217,17.102916133672682],[95.80471851095055,17.079958789966184],[95.79685454580073,17.104195094627958],[95.80828737965892,17.112049708627172],[95.77630742384858,17.14943104120968],[95.78156888769408,17.172890133772686],[95.73647619861768,17.207314985598185],[95.70975995495802,17.20242210529593],[95.68957424625445,17.23069358703951],[95.70644819432873,17.263803787414908],[95.69743980140582,17.331926962958985],[95.66158849801084,17.362600086924548],[95.64339009587627,17.344438846575535],[95.6179887428862,17.34829996437187],[95.619941430053,17.380723945154028],[95.68517676559537,17.401429401745524],[95.6898636867598,17.442057102553296],[95.73612696668621,17.478084444641503],[95.78275581382977,17.46489963431069],[95.7750789877052,17.499491025290656],[95.82942746240754,17.559492197706813],[95.8923354226417,17.573704091370765],[95.90627106795549,17.63269777128514],[95.94064665761722,17.638558060406226],[95.94599210285335,17.665351264449377],[95.97673698822152,17.686304786436743],[95.97536619659277,17.719203770237865],[95.98996934840679,17.70862765214448],[96.01645097243446,17.762022098141358],[96.05631902490316,17.796958085047695],[96.06180218782073,17.788863891655357]]]]},"properties":{"ST":"Yangon","ST_PCODE":"MMR013","ST_RG":"Region","ST_MMR":"ရန်ကုန်တိုင်းဒေသကြီး","PCode_V":9.4,"label_position":[96.014760035798,16.792170290020298]}}]}